"w","snp"
"1",3090,94735738352,0
"2",4476,04223460164,0
"3",4538,26169452731,0
"4",5013,5465890149,1
"5",4747,88207282171,1
"6",4366,73481522707,1
"7",3501,44904225542,0
"8",5017,15788428304,1
"9",6278,18059186467,2
"10",6549,72020345496,2
"11",4854,91061341015,1
"12",4706,66264318882,1
"13",3336,2151166725,0
"14",4233,00207561828,0
"15",4851,77350165699,1
"16",4590,28651575906,1
"17",4631,66743434704,1
"18",2983,15128625067,1
"19",4417,9355331942,1
"20",6391,15591543125,2
"21",5682,50530553919,1
"22",6395,11316732657,1
"23",5212,07521530778,1
"24",4019,26864053539,0
"25",4887,9979909828,1
"26",5503,97751541148,1
"27",3769,94016388651,0
"28",5367,85282667272,1
"29",4076,97868296651,0
"30",4705,76233040195,0
"31",5606,60088573742,1
"32",5315,40898213411,2
"33",4598,73336804803,1
"34",5125,20790639201,2
"35",5270,95517891015,1
"36",7259,20022247456,2
"37",2476,36180504755,0
"38",5116,26623868897,1
"39",5739,28912117888,1
"40",3459,92914312955,0
"41",4218,67487420693,0
"42",5274,22604344175,1
"43",5108,41696211735,1
"44",3923,75047604507,0
"45",2887,03419870838,0
"46",7141,43907197212,2
"47",6407,75705171616,2
"48",5940,03021490235,1
"49",5080,85314674149,1
"50",4858,05310729193,1
"51",7038,00414523648,2
"52",4906,56255320857,1
"53",3196,47725337411,0
"54",4398,96209793827,1
"55",4287,81923475824,0
"56",3842,77567603924,0
"57",4865,01970807773,0
"58",4497,48542649119,1
"59",3914,90454044233,1
"60",5628,87768968983,0
"61",4469,94924940785,1
"62",6315,81107817902,2
"63",5198,64440173059,0
"64",5976,0300051843,2
"65",4958,77487068831,1
"66",3314,44505410924,0
"67",4478,49105051495,1
"68",5573,97853777554,1
"69",5262,56872916587,1
"70",4128,45818691023,1
"71",4205,35064359283,0
"72",3765,2506088627,0
"73",5540,917957935,1
"74",5297,39067068317,1
"75",5428,58119416206,1
"76",4974,61399582497,1
"77",5859,20135090629,1
"78",5305,18264829943,1
"79",5537,83812282081,1
"80",5971,9035376353,2
"81",4675,67377340224,0
"82",4269,37087865294,1
"83",4813,27668457647,0
"84",5731,28284098411,1
"85",6199,07505942202,2
"86",5584,25947330165,0
"87",4905,95967048725,1
"88",4494,52788632408,1
"89",3722,46774899223,0
"90",3192,25561696673,0
"91",4984,48693128027,1
"92",6287,45777878032,2
"93",5357,42673858262,2
"94",3922,22824900405,1
"95",6780,24916099371,2
"96",3901,47422563193,1
"97",3435,528071098,0
"98",4625,35894611351,1
"99",4807,77068322562,0
"100",4031,96668011463,1
"101",2739,48984819223,0
"102",3655,01101609515,0
"103",5191,30305567953,1
"104",3356,90150750744,0
"105",4833,59299928175,0
"106",5157,95934485781,2
"107",7841,15619682779,2
"108",4732,51211414578,0
"109",6405,57834492649,2
"110",7324,54078949659,2
"111",4234,06908729251,1
"112",4814,18871695878,2
"113",4418,55428176645,0
"114",6266,88335849308,2
"115",4756,46683030092,1
"116",4956,35551058567,1
"117",2719,24909842575,0
"118",5353,7482847774,1
"119",4847,42011251973,1
"120",4455,91885533901,1
"121",5205,28103565458,1
"122",4777,41707823266,1
"123",4272,26379631564,2
"124",3619,44198198527,1
"125",5735,93150614203,2
"126",3074,80119287023,0
"127",7177,94561567582,2
"128",3922,2364596925,1
"129",3466,34917002684,0
"130",5337,82164888047,1
"131",5851,14328019091,1
"132",3607,70218021302,1
"133",2952,40880573153,1
"134",5881,94650841661,0
"135",4652,39978400138,1
"136",4477,9998860715,1
"137",3926,74266705146,1
"138",6527,74350275528,2
"139",5542,84319605994,2
"140",6600,91022869107,1
"141",3913,32323112155,0
"142",4726,48297571205,1
"143",3846,10640671763,0
"144",6382,00119984394,1
"145",5845,40446071347,1
"146",3474,45029169566,0
"147",5460,04952694561,1
"148",4856,98102189349,0
"149",4491,23811614181,0
"150",4066,55923062913,0
"151",4715,70765092534,1
"152",2335,11312931938,0
"153",4026,2175336576,1
"154",5443,402469155,1
"155",5032,27579491039,1
"156",4793,57641342308,1
"157",4386,41153833403,1
"158",5391,31960849488,0
"159",5635,94534461737,1
"160",4055,60403649815,1
"161",6265,70344496339,2
"162",6161,02752935553,2
"163",3303,63982704692,0
"164",4569,50419113836,1
"165",3164,57110529447,0
"166",2925,97627826078,0
"167",4625,46229926962,0
"168",3398,35381917064,1
"169",6374,47852423064,1
"170",4753,07094728176,1
"171",5394,07105926086,2
"172",3151,02040477471,0
"173",4246,89948426708,1
"174",3961,39022053724,0
"175",6078,43373389619,1
"176",5103,02523698131,1
"177",4190,52286604672,0
"178",2925,76313627074,0
"179",5817,0143668974,1
"180",4007,88476572171,0
"181",6393,30229898656,1
"182",4023,33960269858,0
"183",3855,0694013607,0
"184",6127,44978407755,2
"185",5335,92016058657,2
"186",4130,85445046408,1
"187",6930,43632528575,2
"188",3714,66744661376,0
"189",3314,29740357276,0
"190",6234,54701692204,1
"191",5201,16036392202,1
"192",3630,50325316962,0
"193",4236,52942143117,1
"194",4066,21474143674,1
"195",5407,69149893715,1
"196",5166,25468984655,2
"197",3885,54810370603,0
"198",4343,82612635663,1
"199",4877,6918939006,1
"200",4349,00911816503,0
"201",3584,46391814425,0
"202",3621,24936304295,0
"203",4736,34228885947,0
"204",4652,60928043456,1
"205",5681,73923322172,2
"206",4580,83224810842,0
"207",4260,12069327972,1
"208",4482,60143204776,1
"209",4141,83916096716,1
"210",4301,84926750984,0
"211",4599,22873147612,1
"212",2721,10015809666,0
"213",5252,72246664282,0
"214",4393,37710394448,1
"215",5541,20059145279,0
"216",3563,52734446366,1
"217",3549,91868997582,0
"218",6237,0749126493,2
"219",4682,26999657546,0
"220",4285,53371301658,0
"221",3976,98903909194,0
"222",3077,76209049518,0
"223",5571,74120017245,1
"224",4783,22935071042,0
"225",6049,4576475205,2
"226",5728,51473979998,2
"227",6061,40805778149,1
"228",4741,55739036111,1
"229",2874,81554860896,0
"230",5156,35048796066,1
"231",4965,04557599588,1
"232",4090,5194659737,0
"233",4194,02370558003,1
"234",3459,23251466679,0
"235",3984,68238399091,0
"236",1532,9897023532,0
"237",4145,18196951997,0
"238",2924,91111587067,0
"239",3098,56298790294,0
"240",3505,86137469611,0
"241",4953,18015717428,0
"242",4291,13053916606,1
"243",4222,16258909823,0
"244",4666,32598711522,1
"245",4509,31429530095,0
"246",5443,50441297541,2
"247",5359,35810937967,1
"248",5202,54356751002,1
"249",5201,16892740655,1
"250",6113,36493951664,2
"251",5503,34970693331,1
"252",5145,22244857866,1
"253",4720,38156078906,1
"254",4475,44974107954,1
"255",4091,03210338107,0
"256",6636,13538563138,2
"257",3845,43442178711,0
"258",5403,91064527812,1
"259",4461,4826739883,1
"260",4771,26164615237,0
"261",6019,0698876377,1
"262",5367,88976054858,1
"263",3007,47631998531,0
"264",3421,42625317704,0
"265",4762,95924997949,1
"266",3159,41390070018,0
"267",7253,16002116082,2
"268",3270,94654599965,0
"269",3494,22153567485,0
"270",3515,01808019287,0
"271",3270,11149633716,0
"272",5536,92773155661,1
"273",4723,12945635737,1
"274",5049,3661275478,1
"275",4040,89279977436,0
"276",4228,78369161345,1
"277",3518,74612183931,0
"278",2832,34111810424,0
"279",7402,88762236882,2
"280",3734,43873533212,0
"281",4321,14173394931,0
"282",5262,51401408394,1
"283",4171,50438159251,1
"284",5886,01600514223,2
"285",4640,57849922506,0
"286",3804,99662565882,0
"287",4686,39107985499,1
"288",5164,34468916379,2
"289",6867,46540012183,1
"290",5240,62037655986,1
"291",5301,82539149896,2
"292",4846,79474699799,2
"293",4521,76593306566,0
"294",4211,86249604371,0
"295",4711,77279915265,1
"296",3577,97552164993,0
"297",4351,40129700265,1
"298",6591,80347933248,1
"299",3029,52273293763,0
"300",4844,70410854491,1
"301",5036,91698207416,0
"302",3178,6848906135,0
"303",6712,02188045185,2
"304",6251,21932710538,2
"305",5023,40027278539,1
"306",2969,86053619578,0
"307",6102,35613279147,1
"308",5236,82264469761,1
"309",4056,51307531885,1
"310",6131,19988307894,2
"311",5908,49047249664,0
"312",5515,35684112486,1
"313",3411,40191236017,1
"314",5193,88278897346,1
"315",4020,79428844502,1
"316",6083,98891825234,2
"317",5029,14106911296,1
"318",5798,75947269102,2
"319",5873,28895090288,0
"320",4758,80123863658,1
"321",4509,86696812585,1
"322",5140,3066833517,0
"323",6948,39650307647,2
"324",4117,8467687035,0
"325",4521,50919094093,0
"326",4265,49805116746,1
"327",4205,29707338596,1
"328",4604,69731257712,1
"329",6044,18766438676,2
"330",5949,89141258676,1
"331",4155,38710370929,1
"332",6470,18991152189,1
"333",4289,47837176047,1
"334",2425,20977621977,1
"335",5081,25698849771,1
"336",3671,84842086115,1
"337",5029,08453688468,1
"338",4642,57252433669,1
"339",5829,16005662769,2
"340",4973,33749368198,2
"341",4364,84158619987,0
"342",3764,17992590609,0
"343",6410,18142138853,0
"344",6105,31273677202,2
"345",4714,22146101314,1
"346",4525,40138131525,1
"347",4208,38734321438,1
"348",4189,73341893442,0
"349",5396,25246835062,1
"350",5281,71938875898,0
"351",3842,90067144593,1
"352",3541,72892446268,1
"353",4138,99952622787,0
"354",5160,71362345145,1
"355",5945,57155813079,1
"356",4729,84798408263,1
"357",5304,61262225455,1
"358",3740,72527311575,1
"359",4458,66203641611,0
"360",3612,17012864404,0
"361",5458,52326778906,1
"362",5483,12683677328,1
"363",4503,46349197652,1
"364",5910,54355579351,1
"365",5161,235157946,1
"366",2337,35408079582,0
"367",5290,40784070128,2
"368",5256,42169318386,1
"369",4298,86883388098,1
"370",5417,30090888936,2
"371",5619,13132444474,1
"372",5716,76624358396,1
"373",5440,81602753265,1
"374",5206,65085345726,1
"375",6051,87211236745,2
"376",4545,42017829959,1
"377",3445,69627602454,0
"378",5450,30671290248,1
"379",3079,8967244844,0
"380",5699,6070569712,2
"381",3450,78728525303,0
"382",5518,78786333446,1
"383",6034,61604744757,1
"384",5727,30400746324,0
"385",4885,4314016463,0
"386",4602,08316238778,2
"387",4968,98373062393,0
"388",2650,10195312581,1
"389",6628,12734072909,2
"390",4721,10209136712,0
"391",4661,10598612691,1
"392",4853,36587035921,0
"393",6071,37386353611,2
"394",4372,62853035975,1
"395",4399,39059362424,0
"396",2805,83466949388,0
"397",3185,77977796074,0
"398",6081,83219431276,1
"399",4931,51147359882,0
"400",5867,03659074156,1
"401",5770,51925917064,1
"402",4429,22773214112,0
"403",5834,60067431743,1
"404",5599,33721135603,1
"405",4619,37939379215,0
"406",3883,69166038526,0
"407",4479,05976797293,1
"408",5983,57227837358,2
"409",6269,40406353723,2
"410",6154,13520141742,1
"411",6247,39134924936,2
"412",5961,36545210535,1
"413",4693,98391915522,1
"414",3244,06991203595,0
"415",6416,41895977884,2
"416",4404,9902316344,1
"417",5043,92561454849,1
"418",3664,35336700671,0
"419",4664,24987790762,1
"420",6722,91434240577,1
"421",3647,92829740417,1
"422",5384,41697511224,1
"423",4817,0375547759,1
"424",5010,13089659082,1
"425",6256,7756435107,1
"426",5024,23248409873,2
"427",5780,52216696543,1
"428",5166,16485781412,0
"429",5118,90760661676,1
"430",5262,63269941715,2
"431",4975,73785450783,2
"432",3712,02237722238,1
"433",2618,3967613389,0
"434",3472,19637947376,1
"435",4638,9197442942,0
"436",5178,29677039556,2
"437",3620,17376164225,0
"438",5827,0219386543,1
"439",4258,10559241716,0
"440",4439,56370414475,1
"441",4138,89264389596,0
"442",5293,00333157443,2
"443",5127,07766322067,0
"444",4138,50350372777,1
"445",6569,03360539267,2
"446",4199,48328945794,0
"447",4616,94218622915,1
"448",4494,30935846706,0
"449",3931,55981120723,0
"450",3105,53178395139,0
"451",4584,26928476262,0
"452",5136,25900348341,2
"453",5584,63528420171,0
"454",4928,22451857119,1
"455",5689,87061551618,1
"456",5027,30663598671,1
"457",4048,87620263344,0
"458",5567,70689737549,1
"459",3811,60327965964,1
"460",3349,1966284479,0
"461",3341,00009827666,1
"462",6237,42182083887,1
"463",5023,1150078762,1
"464",6848,14388002193,1
"465",5080,1425387211,1
"466",5793,70618884754,1
"467",4009,92098613059,0
"468",3796,96412428968,0
"469",6122,37178998579,2
"470",4516,53255695847,0
"471",5238,6252548689,1
"472",7670,54895436563,2
"473",5785,32094162369,1
"474",3786,98847121921,1
"475",4992,3494924632,1
"476",6067,38367094088,1
"477",4628,69126626287,1
"478",5016,63270537317,1
"479",5130,07485671956,1
"480",3045,83991382795,1
"481",5952,51078440533,1
"482",4399,0890085172,1
"483",3173,6025552325,1
"484",5306,33167365454,1
"485",5506,10015119081,0
"486",7049,34637182319,2
"487",4656,08947448789,1
"488",5834,96195396614,2
"489",6464,47174635552,2
"490",4832,28831826011,1
"491",4188,70415354737,0
"492",4644,60253005133,1
"493",4390,94325782043,0
"494",5193,69644724402,2
"495",3981,64457680641,0
"496",6236,05747927086,2
"497",4199,77441894496,0
"498",4696,88535133801,0
"499",3749,42911872882,1
"500",6514,37340381539,1
"501",5862,06959709429,1
"502",4532,39992530883,0
"503",5420,89659121709,1
"504",4697,1174153717,1
"505",5286,93608227545,1
"506",5969,29844921174,1
"507",4359,79059353468,1
"508",4689,7243767203,1
"509",5641,54309299385,1
"510",4853,37526717901,0
"511",3087,9569522112,0
"512",4120,38764356769,0
"513",4902,97218620344,1
"514",5039,00991265687,0
"515",5722,61091934925,2
"516",3191,7077759422,1
"517",5130,04398293688,1
"518",1595,1498617661,0
"519",3301,00799732822,0
"520",6957,17404741019,2
"521",5437,65211182247,1
"522",4030,7568966911,0
"523",3165,6581077465,0
"524",4591,02731856605,0
"525",4851,27342800552,1
"526",5160,45902188999,0
"527",4484,61631830343,1
"528",5137,48425123158,1
"529",3850,39403709851,0
"530",4844,138582287,0
"531",4141,76606680494,0
"532",2757,27330349212,0
"533",6681,10018894337,2
"534",5326,20090356723,1
"535",6712,64081244451,1
"536",5296,47633037155,0
"537",5250,22745568854,1
"538",6195,10113404848,1
"539",4217,87931686275,0
"540",4048,69303681457,1
"541",6326,06093506113,2
"542",5361,30054047412,0
"543",5824,32802049118,2
"544",3270,90457965821,0
"545",5757,47602869761,2
"546",4490,14393069557,1
"547",3710,9866254909,0
"548",5115,18810906215,0
"549",4103,074695558,0
"550",3801,26620188083,1
"551",4360,8561437279,1
"552",4598,04602461197,0
"553",3893,58932149622,1
"554",5491,84689262588,1
"555",5014,11432700887,2
"556",5296,75450608156,1
"557",4784,29835776217,1
"558",5343,81489714728,2
"559",5969,35822782245,2
"560",4726,66440491858,1
"561",4815,8631802429,1
"562",5515,33545052922,1
"563",5175,80614959094,1
"564",5072,60048283682,2
"565",6109,21275952009,1
"566",4486,22021471308,1
"567",5560,34073783694,1
"568",3150,94491292927,1
"569",7283,53881661156,2
"570",4369,60933092896,1
"571",5016,99186901707,1
"572",6289,36149190713,2
"573",5073,03131629481,1
"574",6932,77266274775,2
"575",4915,93799289374,0
"576",6365,35369307781,1
"577",5253,89469072871,1
"578",6255,65560994674,1
"579",5288,86343540895,0
"580",5634,44126451338,1
"581",5164,24014766127,0
"582",5119,42981015487,1
"583",4366,78661463468,1
"584",5705,48418434882,2
"585",3282,4528049032,0
"586",6445,96786554339,2
"587",4579,66751972427,0
"588",4228,4087721694,0
"589",4100,69029254522,0
"590",4998,89652707644,1
"591",3694,82851180278,1
"592",4203,55295831914,1
"593",4939,03929675163,1
"594",3332,7818176526,0
"595",5478,18074303325,0
"596",5608,92039294233,1
"597",5711,61146394643,1
"598",3176,05887775296,0
"599",3500,9908298365,0
"600",4751,62437783804,1
"601",4551,33075617191,1
"602",5762,2996229023,1
"603",5775,2258312654,1
"604",5165,81435634216,1
"605",4487,00175546482,1
"606",4231,94488729781,0
"607",5156,37414377119,2
"608",5182,44849063181,1
"609",2320,35978139798,0
"610",5464,87600281802,0
"611",2817,40877768604,0
"612",5394,01886947409,1
"613",4420,56560102624,1
"614",5485,04170388572,1
"615",4326,45204320317,1
"616",4377,26543918068,1
"617",5400,1953410585,1
"618",5577,52593441984,1
"619",4235,40205922318,0
"620",6271,78330786826,1
"621",3224,08521653364,0
"622",4125,53102190824,0
"623",4884,26871497989,1
"624",7255,50913878086,1
"625",6495,51446693784,1
"626",3747,61799680189,0
"627",4218,94161225023,1
"628",5398,04465077199,0
"629",4736,27918103931,1
"630",4834,83208361495,0
"631",4761,25762586441,0
"632",4491,3254182668,0
"633",4263,07709779709,0
"634",4380,27922748292,1
"635",5298,8192105058,2
"636",5039,95648444109,1
"637",5699,67690094058,1
"638",3504,91249260333,0
"639",6483,95979495597,2
"640",4088,09227043662,0
"641",5516,05686110239,1
"642",3963,28827167068,0
"643",5688,78869376552,1
"644",3825,55493364918,0
"645",3844,74501445617,0
"646",5508,51166401077,2
"647",5334,38507394371,0
"648",5188,81604483407,1
"649",5919,94249747767,1
"650",5477,32204942527,1
"651",2668,01418932503,0
"652",6039,36159894739,1
"653",2888,29891502699,1
"654",4528,79864349026,0
"655",4471,97569352742,0
"656",5559,6196751314,1
"657",5033,58777592835,1
"658",4736,49465203045,0
"659",4283,6936005556,2
"660",3878,80174440405,0
"661",4615,39562412467,1
"662",3921,28475418689,0
"663",5046,29934153676,1
"664",6912,17448625548,2
"665",5794,54401529103,1
"666",6318,19363845455,1
"667",2929,48062222605,0
"668",4956,92113342741,2
"669",4732,34677038952,1
"670",3390,64874786763,0
"671",4917,25267778629,0
"672",5203,21419276115,0
"673",4384,68825329779,0
"674",5256,62617289191,1
"675",2905,41366572557,0
"676",6100,82391759307,1
"677",6089,96588630055,2
"678",5283,37657412651,1
"679",5182,37933841481,1
"680",4516,92694921906,0
"681",6193,89841975465,1
"682",4125,19850072511,1
"683",5241,4243249573,1
"684",5413,01094788798,2
"685",4069,58916667107,0
"686",3932,68597507639,0
"687",6471,24330500333,2
"688",5977,05838264619,1
"689",4649,9971579955,1
"690",4621,82304274483,1
"691",2996,68813964598,0
"692",5755,52715000394,1
"693",5038,81373839865,1
"694",6426,97055678279,2
"695",4089,79716663023,0
"696",3112,20538518697,0
"697",4999,99660826507,1
"698",5673,02356072394,2
"699",5769,88996963929,1
"700",2668,08051172357,0
"701",2920,05277833708,0
"702",4733,94639189505,0
"703",5696,823350333,1
"704",4699,98057586618,0
"705",4967,25807582526,1
"706",4181,05104900022,0
"707",4218,49557522865,0
"708",6184,51377054292,2
"709",3239,04658964633,0
"710",5285,74170277925,0
"711",4246,58328480928,0
"712",5568,38286338631,2
"713",3884,07150967024,0
"714",4684,78393333531,1
"715",5761,02329243842,2
"716",4565,34644229396,2
"717",4045,11983160941,0
"718",5652,33566739438,2
"719",5935,67357946606,0
"720",3491,93807939567,0
"721",4865,62870306522,1
"722",4829,51801545679,1
"723",5867,27643983108,1
"724",3600,11753261085,0
"725",4147,55325127981,0
"726",5695,21680820333,1
"727",6191,48314666381,2
"728",5619,7099200469,2
"729",4568,33793914172,0
"730",4829,82886869594,1
"731",4074,45139159526,0
"732",4681,18473372656,1
"733",5197,78190767994,1
"734",3870,97409512405,0
"735",3648,64597486667,0
"736",4916,02731185371,0
"737",5911,77476404692,2
"738",2613,474262907,0
"739",3486,50633146332,0
"740",4938,82697220461,1
"741",3948,94342661336,1
"742",4789,34570807437,1
"743",4409,70129017818,0
"744",3423,74712109102,0
"745",5643,50110429566,1
"746",5034,20512574787,2
"747",7804,92491710451,2
"748",2896,41450296785,0
"749",5325,95703633346,1
"750",5890,86079225017,2
"751",4218,46964088603,1
"752",4839,11158395109,0
"753",4707,80089232633,1
"754",4128,43764094137,1
"755",5996,10476362276,1
"756",5393,74905254396,0
"757",4605,11093844358,1
"758",5817,2077511931,1
"759",5688,91084887026,0
"760",3439,09171251271,1
"761",5373,14853130184,1
"762",5700,40641929422,1
"763",5059,23357881117,2
"764",5856,64133116498,1
"765",4988,2229933891,1
"766",3047,6264594153,0
"767",4432,60489401622,1
"768",4444,81807088455,1
"769",5410,00011805747,1
"770",3956,19491373278,1
"771",4488,89437076483,0
"772",4821,85950202304,0
"773",4310,75549490793,1
"774",3951,22198117189,1
"775",5402,34684400598,1
"776",3891,46204705856,0
"777",3188,50405075523,0
"778",5183,38570557798,1
"779",3451,89132884708,0
"780",4617,39235049941,0
"781",5505,08463805641,1
"782",3597,10729404629,0
"783",5330,41892239709,2
"784",6342,15277954823,2
"785",3442,3940154878,0
"786",5766,46190793328,2
"787",4372,08088724139,1
"788",6441,10619314331,1
"789",5490,2400506434,1
"790",6223,74845079429,1
"791",6697,31669544071,0
"792",4790,07689690658,1
"793",2522,24186108879,0
"794",4451,96245737853,0
"795",6074,29175442192,1
"796",5266,32013055334,1
"797",5602,22181206331,1
"798",5427,57441452332,1
"799",3444,16463999044,0
"800",4533,65030308261,0
"801",3537,2307576593,0
"802",5029,92981815902,0
"803",5924,97290185549,1
"804",4031,90474121917,1
"805",5678,28619770382,2
"806",3700,66565480691,0
"807",4175,79288672073,1
"808",3919,31860287152,0
"809",5872,6803514052,1
"810",4939,15974933277,1
"811",3953,75935453363,1
"812",4589,28160266941,1
"813",4515,71249316099,1
"814",5189,85802584201,0
"815",4883,58095631718,1
"816",5894,40923225019,1
"817",4969,16418150077,1
"818",4265,43067785961,0
"819",4921,02223360456,1
"820",5929,33719850103,1
"821",5713,73423791153,2
"822",6095,99573407765,2
"823",6339,87868261525,2
"824",3490,96345692759,0
"825",3318,08991472668,1
"826",5151,64022007726,0
"827",4785,17296218893,1
"828",5440,13266581685,2
"829",5485,07331072076,0
"830",3738,35204132466,0
"831",4677,13883234584,2
"832",4594,10490782909,0
"833",4246,32284138573,1
"834",5380,54915172829,1
"835",5077,51667674504,1
"836",4587,63139531892,1
"837",7277,22954112892,2
"838",4341,37509717642,1
"839",7116,51283819985,2
"840",2490,4209602731,0
"841",5926,65255734196,1
"842",4556,16129405152,2
"843",5118,72211985458,1
"844",4109,48654582776,0
"845",5150,71338651789,1
"846",5963,45221449468,0
"847",3707,43561793013,0
"848",5044,83572180943,1
"849",4895,77155674523,0
"850",5169,66424902683,1
"851",5847,70308295576,2
"852",4749,38725985289,1
"853",3777,85879155949,0
"854",7830,62543867435,2
"855",6516,90234856278,2
"856",5106,69190310296,2
"857",3948,0267222923,0
"858",3547,45910904159,0
"859",3029,78622027933,0
"860",5149,68470963678,1
"861",3561,24844633371,0
"862",6278,87264922425,2
"863",3861,35861436974,0
"864",5144,10220635602,1
"865",4232,97427475498,0
"866",6147,20621334938,2
"867",4231,36818526877,1
"868",5502,17891132366,1
"869",5535,17315852921,1
"870",3015,67366834108,0
"871",4830,73132450809,1
"872",2837,89772187108,0
"873",5173,26751894229,1
"874",3482,99158061137,0
"875",5052,67758642177,0
"876",5102,1035841924,1
"877",4823,51597590885,1
"878",5844,47646142462,2
"879",3927,54827010668,1
"880",5813,35570490068,1
"881",5069,21041921441,1
"882",3178,51769440852,0
"883",4598,77818083091,1
"884",3443,30153861046,0
"885",4261,99522175597,0
"886",6607,74111878228,1
"887",5018,83688331983,0
"888",5361,39056192603,1
"889",4434,68792201716,0
"890",5923,62598988795,1
"891",5710,87272853151,2
"892",4904,10036391021,0
"893",4756,00446797055,0
"894",4650,30034028472,1
"895",5752,67361313279,1
"896",6047,69913340834,1
"897",5412,56798466302,1
"898",5994,17094545712,2
"899",7665,35185479508,2
"900",4041,44881083405,1
"901",6151,4547083737,2
"902",4094,45640520232,0
"903",3989,40509756621,0
"904",5677,53813601479,1
"905",4247,61766963994,1
"906",4928,62419990918,1
"907",4377,5039835184,0
"908",5111,05272344815,0
"909",3055,0922860747,1
"910",6124,4213658978,2
"911",4407,5055567188,1
"912",5011,64966341244,1
"913",5231,17173862201,1
"914",5487,89876416523,2
"915",5217,95551814856,0
"916",3223,96517076893,0
"917",5182,56634884437,0
"918",6429,12905881348,2
"919",3144,14415280319,0
"920",4148,9225015583,0
"921",5935,20259840831,1
"922",2759,26332998609,0
"923",5920,84510477467,1
"924",5415,02442962882,1
"925",6422,89847117567,0
"926",5328,10208141699,1
"927",5743,14943322434,1
"928",3382,77644486612,0
"929",5109,9045480118,1
"930",5125,89784699317,1
"931",5357,45252948871,1
"932",5946,53990121622,0
"933",4382,59297648071,1
"934",5983,24173935084,2
"935",5288,60743829764,2
"936",4601,98773762402,0
"937",5734,89701730411,1
"938",5659,15300604834,2
"939",5274,77733408054,1
"940",5318,8726845224,1
"941",5617,9171922929,2
"942",4017,29387146818,1
"943",5251,73689049107,2
"944",5648,43611476811,2
"945",2989,73981777409,0
"946",5405,68943869696,1
"947",5213,04944746059,2
"948",4830,25306266874,1
"949",4762,65661842596,1
"950",5022,50104440483,1
"951",5959,41073138533,1
"952",6850,21779528647,2
"953",3813,73558059696,0
"954",5350,33441557139,2
"955",4823,95716804858,1
"956",3301,48784785927,0
"957",4441,47889894011,0
"958",4169,05143855379,1
"959",3754,38590809379,0
"960",3392,82791948311,0
"961",3669,8771840207,1
"962",6502,39467044049,1
"963",3138,68336790686,0
"964",4937,51598732426,0
"965",4468,59171776358,0
"966",4766,36281015877,1
"967",3025,80473756846,0
"968",6561,43804057011,2
"969",5238,24880652134,0
"970",9346,9332119171,2
"971",3753,74468311205,0
"972",5207,02549839903,1
"973",2971,27792196701,0
"974",4625,32576890905,1
"975",6550,2960719644,2
"976",5464,94200291231,0
"977",5474,05166907874,1
"978",4820,89309299312,1
"979",3152,50219698841,0
"980",3646,0477911896,1
"981",6165,21589577135,1
"982",2994,27331665737,1
"983",4993,66182390291,2
"984",3898,93579732309,0
"985",5395,04079614889,1
"986",4357,69527971932,0
"987",5266,49858432234,1
"988",4556,10107513558,1
"989",5067,81976977515,0
"990",4978,37620561298,1
"991",4997,32413604565,2
"992",4530,19038990802,0
"993",5106,29149574741,2
"994",3615,88496362566,1
"995",5391,78293580985,1
"996",6013,73786764502,1
"997",5515,14540235187,1
"998",4114,65468054224,0
"999",4207,69523082639,2
"1000",5266,83297423456,1
