"Weight","Color"
"1",5262,98390312793,28,3552749993918
"2",3862,52899264224,23,7974505444792
"3",5553,10989482832,25,9521836613562
"4",5547,59116784483,23,0034730436413
"5",5108,3268775115,25,8966106829582
"6",4303,74933071268,25,7657303274335
"7",5431,40702309946,25,1942099822295
"8",5092,97031695108,25,3215326791528
"9",4718,38649541818,26,2371357212832
"10",7739,11496368177,25,3187555311651
"11",6032,95836423419,27,8527406926165
"12",6157,87538828212,23,488814825682
"13",5437,43363208217,23,6295804066081
"14",4454,3234053412,24,0424484243143
"15",6723,33789992352,27,1162373663342
"16",5629,084261715,24,0824830320491
"17",5462,00531337185,23,8070018133976
"18",5172,58266824947,19,9409973496386
"19",5282,7026930412,25,307200134648
"20",5519,10110707278,27,1364354762108
"21",4940,74571754582,22,2243640051484
"22",4620,57452662014,25,5795077037461
"23",6272,62946957164,24,8935698688651
"24",5378,71985393134,26,5343905863934
"25",5894,59846385747,26,9906611016562
"26",6897,34059280926,22,9122131206497
"27",4757,30237296694,27,6575019653851
"28",8138,87037897237,24,3964251138637
"29",4764,47838571085,25,5994504853441
"30",6079,73276539114,23,7740554923412
"31",4462,59260998894,24,5243631531564
"32",6043,92809106439,27,7369137471173
"33",5646,30703084549,24,491357171753
"34",5643,80972002427,19,6379925603385
"35",5491,84382896534,26,45689917834
"36",4448,25436526435,21,8964929289876
"37",6461,90534949938,25,6380294954715
"38",4485,53580084666,22,3191173235764
"39",4195,400965541,26,436813383342
"40",5517,07192703793,25,1639873080813
"41",5802,03973779919,26,8346645169262
"42",6162,42511949507,26,3279480319688
"43",5514,59499717375,28,6323243353894
"44",5603,45850503912,23,7416145534319
"45",6464,79343290355,25,0491693134466
"46",5587,11067189547,28,0705656589453
"47",5704,40396517802,26,786774905147
"48",5820,97386087614,22,1659057589427
"49",3410,75888609917,26,1166137313052
"50",3978,91221454863,23,4778633117159
"51",4409,52225848777,25,8391051708427
"52",7016,06789979652,24,6570155977963
"53",5020,36540802664,24,1238386419496
"54",6562,71326734904,24,27165333231
"55",4001,87581041964,25,5956280499756
"56",5271,76649938672,24,0529056361371
"57",4988,56228747831,22,7241825086186
"58",6112,02580720391,29,0111727683007
"59",6286,8751822846,27,2640211080173
"60",4797,57090639038,25,3498775719364
"61",6365,80856752217,28,3592305673995
"62",5567,51309967662,28,9359193245061
"63",6277,30097058259,24,7377458002581
"64",4383,88327233207,26,7411136360235
"65",5790,78582127329,24,9814691727247
"66",3533,62344797712,25,0428486310055
"67",5757,92193205986,25,6380191291669
"68",3557,80044761279,25,6945033177361
"69",4326,60260368104,23,6367003728394
"70",5789,27221512949,25,9853741142274
"71",5398,46230251538,27,0751396815891
"72",4990,16736886063,23,4992493924825
"73",7551,51849553851,23,9334460598971
"74",5458,46980071018,26,1123422237623
"75",5835,67652012259,26,4472110494761
"76",6268,26273552526,20,7240643524502
"77",4244,81247135524,26,9686411392255
"78",5222,25440821853,25,065267015212
"79",5118,30680541553,25,1773574316767
"80",6024,08799409518,23,2420611478175
"81",5513,60462867866,22,6037014702991
"82",7092,49996804491,21,6702607979205
"83",6065,9838293274,21,4140010970834
"84",5936,7146400861,26,373223766433
"85",4982,67440241612,23,4803758999818
"86",6904,1281968269,23,9640510732512
"87",5404,30004734835,25,4255628139352
"88",5986,01134592436,24,9009577645541
"89",6110,52326138837,26,5258771924782
"90",7979,92034418391,25,9367477296999
"91",5282,76827594986,24,3740732556831
"92",4240,72033295489,23,6393392203617
"93",6678,28121340983,19,81183982689
"94",5010,59552229201,25,966079206153
"95",6136,57607068392,25,9409589442237
"96",5919,47173741176,25,0130806320547
"97",7511,47923645853,25,3335680180499
"98",3922,89719238178,24,2111042296589
"99",6323,1170771205,24,8073429648288
"100",5649,38061376191,24,893052407848
"101",5749,39078520497,25,3534145174446
"102",5545,56649854387,25,6496501882722
"103",5283,81935288824,28,7768073977868
"104",5154,53953228616,21,653079156063
"105",6333,84123333886,25,8603367620636
"106",6515,24161950701,22,7167851943309
"107",5972,35901248697,23,6805453378747
"108",5991,39495089432,23,9480878917066
"109",4853,36614010768,26,1361746528595
"110",5846,99268846801,27,7829752206635
"111",4726,39407855761,27,1321999450669
"112",4057,36514448277,26,3635587846603
"113",4629,2433951886,23,8099036674149
"114",4889,82524807372,23,2611492345579
"115",3487,76641568928,24,5749748816381
"116",6692,9836906123,26,926852756645
"117",5546,83548727873,24,515502330229
"118",5795,04100019846,22,9702412586859
"119",3932,88577172968,25,0378337355755
"120",4900,91656737384,27,7314800662661
"121",5458,53795729675,29,0611403897212
"122",5085,4382347425,25,6098030284516
"123",4774,90929167058,22,1982546208536
"124",5231,55278395618,22,7625333966448
"125",5390,33513648636,28,6137072822916
"126",3897,40316367426,26,1140092871679
"127",4508,94647644932,24,3378344930432
"128",5955,91263948706,24,3787338043603
"129",3968,32768863561,24,6232872575411
"130",6600,39428791486,23,6174719950496
"131",5660,12099827566,22,3303014905872
"132",5468,0257379146,26,678434312294
"133",7153,23815452864,24,4812696479983
"134",6097,32459657702,23,7751257121568
"135",6812,35860133147,24,9242985924673
"136",5411,31263845604,26,0340643242621
"137",5438,69007802133,23,3267867002028
"138",4975,3656662853,23,8855376896073
"139",6713,99677702879,25,0591239888585
"140",5523,08304582938,23,5579653926263
"141",6138,0542969057,24,7762133709151
"142",4668,93484454416,23,9996033705221
"143",3636,04423498506,23,6059818258765
"144",5420,47875428274,27,5247904980684
"145",6579,77667128315,25,0386190650925
"146",5915,87507021707,22,7484268477245
"147",6207,22525178507,24,426293155469
"148",5198,62815231726,22,2830836600785
"149",5475,40436944488,25,9838834110129
"150",6295,19634200948,24,2663002389244
"151",5917,85056757963,25,5770622288182
"152",5478,82236417704,23,9487251402291
"153",4878,37730785681,26,8904607956801
"154",5197,0490167216,21,9535768321922
"155",3993,37923557736,25,3920819211985
"156",4913,62369643403,23,7901688763049
"157",6374,89090424843,21,7423785633226
"158",4330,36961442437,25,9079508342554
"159",5657,58371838263,24,294753963323
"160",5820,11889564284,27,8750689127831
"161",4861,75185995517,23,5407120978811
"162",5845,0302288251,26,8043811629207
"163",4791,00268183446,26,1153802258164
"164",5209,22502983876,25,0825757993646
"165",7452,68410794917,21,3868610646358
"166",2306,31002029529,27,1649543732952
"167",7051,33103084723,23,9072449813444
"168",6128,67126224681,25,1133243157311
"169",4684,15554976012,21,7564422785865
"170",6183,50377448863,25,0238460990478
"171",5152,87191029755,25,5723706719953
"172",5812,80496142578,27,1987252954508
"173",5080,69273811537,26,9544185526685
"174",5919,69520237309,20,1048143856967
"175",4882,80346430062,26,479280889804
"176",5727,23211053727,24,792677337216
"177",5291,51705831849,23,9916430172352
"178",5056,20913601536,25,9147978575492
"179",6066,2204191926,24,8211117997566
"180",4802,4531784456,26,4852228983815
"181",4785,65356620846,24,2931400451484
"182",6610,53686813438,26,3761288492196
"183",5296,80032659818,23,7234729301067
"184",6325,76469743193,27,7322740851118
"185",5578,68459307572,28,1659760495415
"186",4958,94950138176,28,8049047593517
"187",6536,26079810379,23,6716560241449
"188",4237,17113697685,24,1615375354374
"189",6419,49608982898,23,8510779650745
"190",5956,52973491214,26,6005519706785
"191",4951,12839049558,22,0943525495106
"192",6559,99502745888,25,1040905499921
"193",5122,21943257258,23,2536403158745
"194",3630,97641981515,22,9255215285536
"195",6029,16913275793,22,8417881257369
"196",5964,01553474241,26,864132631191
"197",5516,70055356565,26,0887158777037
"198",5495,60996578005,22,7902504765768
"199",5846,01561831468,29,3435052807959
"200",5537,14090960471,26,5545229524959
"201",5681,9921234907,24,8513299950937
"202",5900,43836514835,27,1161187725125
"203",4593,08280803585,24,3929438978537
"204",4797,61223343427,25,4286578125175
"205",6625,75908484734,27,0601499227648
"206",6172,27147779111,25,4876781097232
"207",6462,08683733244,22,3210266528283
"208",5526,6483010373,22,719332544048
"209",5042,66070691949,27,6746326308346
"210",4046,81672640208,28,9944306762427
"211",4622,70399769003,23,6859467966333
"212",5840,19249660345,22,1215663869602
"213",4890,13639171919,26,2413904303688
"214",5556,77003670589,27,0827715985315
"215",4906,82773420839,23,9947396098122
"216",5462,7285986685,22,1633806389562
"217",5997,16327038591,28,3157998550716
"218",5720,38805465295,23,9299178474224
"219",5775,09547817875,23,9559435470549
"220",6909,64142604708,23,9810473617639
"221",5876,10553099042,25,5221905265664
"222",4987,43150696349,26,2711891513647
"223",5792,19730552951,20,6619624669442
"224",5489,82625178478,25,5891626655387
"225",4918,20184569328,23,8269462678901
"226",4777,47645666084,24,0613562571022
"227",5782,00255642864,25,599098301547
"228",4881,29649616004,27,6611337862561
"229",5634,30588635539,23,6379776506817
"230",4530,40897362433,21,9622945500032
"231",4969,48116916871,20,8596476541485
"232",7978,40823892634,24,9838678202782
"233",6532,14230503501,25,2307863589676
"234",6288,00652967543,22,2678709967126
"235",5213,64851063922,28,0464017598606
"236",5145,84846380904,24,6961423610155
"237",5084,47005565839,25,6592694620722
"238",6032,40805270074,23,7585948757298
"239",4840,27395080675,26,4181098578075
"240",4469,10888131891,27,1921754332912
"241",5094,33782639823,24,6932974347003
"242",6770,79025152491,25,664132172507
"243",4896,84063256785,25,6777027639125
"244",3784,42324271576,24,6020649982346
"245",6065,0986833918,24,7388176894133
"246",6605,91711712357,24,8909924507655
"247",4248,7088123547,27,9469355328331
"248",5468,62775378809,24,3067505802045
"249",6373,72705635762,23,2546284023543
"250",4136,3146718879,21,1193355259384
"251",6367,5080385631,22,9052749799342
"252",5516,47281277968,26,5929974859337
"253",3298,23812972478,24,8661651563852
"254",4736,44005106283,26,1494235888445
"255",4629,84611454238,24,2870364036215
"256",5920,61895903104,25,1253410659329
"257",4185,37855679397,26,6949473579329
"258",7286,69560268874,24,1979181046768
"259",5928,54467535461,27,2500128173671
"260",4452,86816016907,26,5840747730961
"261",5765,52959103654,28,1206453465411
"262",5238,94320033812,20,236179330259
"263",6872,54707085801,23,4235973304134
"264",5126,49163397037,22,6073184331085
"265",4406,83870883682,24,3963719027793
"266",6224,47176094861,25,0837911924606
"267",6328,20402680026,25,1405836003272
"268",6703,94268541014,25,1715050213552
"269",5256,91504539207,25,5987195420255
"270",5044,96163745473,27,8640509416108
"271",4393,82057569388,26,2655169024967
"272",5380,34868766642,25,091129848995
"273",4902,04055964331,22,9182150428456
"274",4266,61434101302,26,637347441159
"275",6278,88808268764,24,3019727791068
"276",4150,84899019206,29,5487205899719
"277",5147,92848812098,26,2902474624038
"278",6442,74028886355,18,492986227529
"279",3961,02538236651,25,098221775475
"280",5161,95505801116,27,3136464231597
"281",6753,03398705371,24,1941444601415
"282",5873,6480153977,26,9394324632972
"283",4970,07099784621,24,7279999943599
"284",5844,53682874174,26,6007732109897
"285",5480,01114091648,25,6459836273026
"286",6076,66312993403,26,7605254186516
"287",5148,63466431834,21,879744050771
"288",4704,04053348254,20,540843021094
"289",5273,33488143681,21,6367798502494
"290",4418,87673288877,22,9066101519744
"291",6212,51769711775,23,4461121191641
"292",4850,76696439736,28,8110334041477
"293",5619,01126733909,27,1684860915938
"294",7220,37988924917,25,1672271329145
"295",6077,1352793538,26,1153955718749
"296",5231,8975687085,27,7593726323012
"297",5989,97811297654,25,8846063348696
"298",4745,99093555419,28,2803621105079
"299",5303,47769731302,25,8252713453538
"300",5219,0002231557,25,7396491949162
"301",4544,09838721798,26,0893677382774
"302",4746,37693735128,21,8175174440577
"303",6130,16123928074,28,8641917823732
"304",2369,82676927972,26,7363247808064
"305",5343,39402639216,26,0180168971854
"306",5223,3587182608,25,2751606820975
"307",5131,06799727011,25,0901900577794
"308",6099,66785964572,27,1356342128225
"309",6279,22169957867,25,8740933049679
"310",6331,85915392986,25,3178596261665
"311",7176,11792746664,23,2801024818924
"312",5739,273328288,26,7488965606045
"313",4451,59874634147,25,4381153636171
"314",5848,23253129563,25,1085090810828
"315",6414,11880375909,22,153793212692
"316",5833,22420193846,24,8576529749445
"317",6414,97021192901,24,4584216499197
"318",5771,4176960309,25,4950104039792
"319",4341,99114744676,25,1750640022182
"320",6384,56080861302,28,1137834516151
"321",5434,6217364776,23,0867497071048
"322",4965,54063509188,26,7377866997199
"323",5775,32373061546,25,660096329552
"324",5519,09705520283,26,5165774593699
"325",5741,02608826589,24,6233240531928
"326",4953,85239220509,28,0806618449522
"327",5886,42103251432,24,0201072088584
"328",6507,76376725336,22,3203485493653
"329",5313,61004352912,27,2041875662832
"330",5675,35940693243,27,2813162204665
"331",6359,24445557374,21,1365914004153
"332",3386,93213614258,27,7021310916022
"333",5634,29116410848,26,2546830293148
"334",5334,75151169263,30,477637856576
"335",4891,92623669606,22,6603207431022
"336",5232,39466242756,26,395488797701
"337",6002,16108895799,24,1311276022275
"338",5131,58984309604,25,0388770293615
"339",5313,55112133693,23,8113500624352
"340",4319,10372821399,21,6016902727668
"341",4383,99518785214,25,5359223265782
"342",6691,98759671876,24,8072492277712
"343",5077,93300975116,26,2761722865075
"344",4807,45257655272,28,5515681115209
"345",5560,63924300377,27,4629197138073
"346",6631,54375787822,23,7253531934862
"347",4544,85944582396,28,2917992383735
"348",4942,61576964267,21,5349935407309
"349",4701,54954056728,24,1692697112135
"350",6316,29390369699,24,4228835593138
"351",5811,05747672859,22,1181248251697
"352",5418,50780005743,26,5266282542591
"353",6936,96973548487,23,353942908642
"354",3827,79838171798,28,0643259926811
"355",6185,4782407244,22,9804974652321
"356",4939,02958465128,28,4272253697506
"357",5897,2189303341,24,5318903806918
"358",4760,64077980808,25,18147695428
"359",3863,52102066041,28,481883775159
"360",4421,61629916472,24,8684263441516
"361",5618,63756866844,25,525357029512
"362",5394,21486523237,23,3427015355686
"363",3647,96740388202,27,1865784970143
"364",4587,71576779476,22,9626519060082
"365",6160,90006619135,22,7380123436077
"366",5237,05969891385,26,0580076830762
"367",5641,14280589616,26,5509513600349
"368",5744,914847913,24,4278081780262
"369",6384,74125093459,25,7653862244916
"370",4898,39907261671,27,924703830767
"371",5347,14135190472,23,6623240989585
"372",5750,7804562739,24,4710685486428
"373",5727,2407226742,27,8960670595633
"374",4548,13966222242,25,7920181429797
"375",6831,61445999558,21,388279098752
"376",5030,46791290966,27,0272084044799
"377",4846,45185632808,25,4755854189038
"378",5370,46581253858,27,3116037885283
"379",4984,82546285308,21,4700429961049
"380",6338,57635777121,25,0276636855235
"381",4410,80097741961,25,2141476685233
"382",5150,32491932015,28,1040433409771
"383",6023,8149967498,19,7490046684787
"384",4360,52583562571,23,6590733453106
"385",6668,76306729557,23,2840981648235
"386",5914,65108666919,25,3154141636899
"387",5224,86446914305,26,6109714007509
"388",4291,98775741962,26,343446920127
"389",4569,92300313644,23,2070659545869
"390",5851,80299207279,26,8311072354196
"391",4477,5085382834,22,9476197620363
"392",5844,88439090911,24,9031611435917
"393",6321,86676038387,27,2010001304174
"394",4466,43991362854,25,3445844139674
"395",7287,3880526374,24,8768960400014
"396",4700,35980524314,25,552422406048
"397",5913,55110150392,26,4357036393954
"398",4504,51900574552,28,1989960799747
"399",5317,08157608093,24,6193753925859
"400",6667,09153393148,21,6324594037554
"401",4833,558628331,23,9209660419685
"402",4813,1928546472,25,5407380460801
"403",7274,48277706293,25,924018418767
"404",6050,15176060797,22,47206003254
"405",4936,67709725091,23,3268905844247
"406",6546,79025458739,24,6713097251842
"407",7141,13542763911,24,4887595077549
"408",4279,48106660737,26,5021897186716
"409",6510,41673940304,24,4810224174593
"410",5857,88703867455,22,2773433445978
"411",6144,2128872088,26,3547609904049
"412",4709,71969795104,24,0308042085547
"413",4948,89446363952,26,1514590724562
"414",5551,7351088882,26,4345929024504
"415",4582,26037952099,23,1418508259897
"416",5795,98236605625,25,5460312974849
"417",4035,69729571865,26,1154707572444
"418",4869,75169903033,25,3066043155992
"419",5388,01498826819,27,0496823690631
"420",4389,72095205465,26,4940763031744
"421",5393,34090711858,23,2708087069565
"422",4409,82745616876,22,5941057885029
"423",5774,83722660868,27,5980973685895
"424",5704,39303278627,25,0980653510644
"425",4567,45312422295,23,4597956496938
"426",4142,29837233995,25,5147263335179
"427",5768,60550947104,24,2413237785226
"428",4806,53619525712,22,9582515574159
"429",5273,43825460718,26,4546771596767
"430",5312,45770200757,26,7718240291158
"431",4174,5340945207,27,4771601469689
"432",5332,9887656473,26,2162641355805
"433",5395,02533147854,24,6780545945157
"434",4973,44005999032,26,9540831272055
"435",4805,64785793717,26,5528870387369
"436",5424,325783083,24,9509595260872
"437",6510,64274106654,24,4079069966301
"438",4394,33933162369,24,0458890952881
"439",5969,02852529757,22,1738660269515
"440",6575,07305247907,25,7475239285271
"441",5146,49256633636,24,7100187208205
"442",5331,45083518234,23,6121134738083
"443",5416,57893746606,23,2428675297761
"444",5352,46941303036,24,1085166979498
"445",4836,18810278697,29,3699487739731
"446",6297,11920571786,26,8044658774352
"447",4909,29504223555,25,7576300053463
"448",5824,60144496859,28,9072942487862
"449",4913,40610707076,26,2357146662643
"450",5909,33911973837,27,3843358225586
"451",3848,34161035888,25,956062797862
"452",5690,66078266612,23,0763704036848
"453",6918,17962496076,25,8674921986024
"454",5917,05691858508,23,7990800763514
"455",6219,85791232812,24,4444885311878
"456",6041,06864403051,25,5699101387432
"457",7013,94482597924,26,1598348923607
"458",3443,55453676081,25,3627126058011
"459",4957,02259673091,27,955487771078
"460",3828,18528587346,22,6332494154868
"461",5080,61030471902,26,4146673099828
"462",5543,49146609185,25,0134576496652
"463",5085,58383111957,26,9937807981763
"464",3574,84555539681,28,1805149080422
"465",5047,19324515439,27,1821513834982
"466",5524,52741373263,25,826595566613
"467",4581,53493963232,26,6285930406346
"468",4443,63886310792,24,8118017594332
"469",4798,53522397302,28,6057299675279
"470",4442,38922558044,25,8099048370536
"471",6882,42349474506,21,0066662905178
"472",5436,90657290148,28,962730894139
"473",3668,09726926586,25,9997760891258
"474",4755,50266246209,24,7761041984142
"475",6923,47900364067,26,0634548677702
"476",6367,06014623609,22,8595891992804
"477",4359,5666879667,25,8188702374982
"478",6700,25982435471,28,0761912912132
"479",4600,05916035655,26,6307426375253
"480",5305,40227512909,24,8258708978979
"481",4457,3122047213,25,5795108656576
"482",4855,85631073321,23,5524556661324
"483",6427,9028835673,25,6949970301669
"484",4127,16693851777,26,1300821580068
"485",5170,70476961953,26,158630824623
"486",6276,11963747241,24,1379415021701
"487",8201,09710342699,24,3171230256519
"488",5254,41801621165,24,3134856949361
"489",5373,20797308935,23,5739254496831
"490",6114,04070629566,25,2895830890019
"491",7467,03469489625,26,7157558075454
"492",3888,09719142737,22,7381115430271
"493",4785,55479436991,26,1987193593838
"494",4781,91797668891,21,5502343795326
"495",5163,96366530841,28,3362069046177
"496",6256,91173859772,24,5146458495056
"497",4750,50849058404,23,9264251473381
"498",4491,08638542499,23,0710381170934
"499",5234,58799123526,26,8823784979127
"500",5208,68094000765,25,2052195934075
"501",5153,38579357197,24,540583675275
"502",7004,82661282666,24,3860170763229
"503",6879,46129685178,21,28482041941
"504",4937,68773765256,25,8104639131786
"505",4463,85559026704,23,2919493438551
"506",5439,98991461725,24,5820943411429
"507",5959,53770577742,27,9802966279532
"508",6320,16185577848,23,2740976956237
"509",6245,53487738856,25,2452370482527
"510",5991,65294751048,26,1940961409294
"511",5205,07897083244,27,4099783874256
"512",5450,80377810263,27,1344613869742
"513",5328,14044689079,23,4068600519024
"514",6806,88342006494,24,6962136145563
"515",4743,87096409347,22,6156685350506
"516",5673,60762359794,25,2463615357593
"517",4514,52118573121,27,9987202301145
"518",7074,70950968247,23,4077613153605
"519",5614,67933871284,26,9524518645555
"520",3784,99921579494,27,805179999561
"521",6989,94362332194,21,881184166431
"522",7274,50721124669,24,4945590553372
"523",4607,16443684313,25,0865559753946
"524",4889,64012686443,26,85094970595
"525",5801,42859759759,22,1071121098295
"526",5745,10393738971,23,9472611842838
"527",4648,7574696566,27,0363391006355
"528",5282,98159832803,24,6150651399566
"529",5611,02186486858,22,3377568559479
"530",5321,50565885571,27,4419559646406
"531",6846,33391529146,22,1136500544922
"532",4751,52673581647,25,8990891170234
"533",5711,0081232984,26,3408341675926
"534",5035,76654337236,24,616011963287
"535",5527,42859895998,23,2381455132167
"536",6428,50016529946,26,9279046185204
"537",5531,97649361738,27,5552328559152
"538",4332,09584369615,24,995156344045
"539",4314,35158405669,25,0460113128546
"540",4735,94533402854,25,4578200727417
"541",5009,97047218109,27,3333962657023
"542",5981,55862699772,25,6085881522958
"543",6408,22090244929,26,6033600834647
"544",4925,18093230576,28,6239827157534
"545",7070,09282169171,25,1613719169395
"546",5106,86879933402,27,9077007637394
"547",6136,69086836352,25,5760914072213
"548",5063,41502642616,25,3411177045134
"549",4781,56504588512,23,6274975739771
"550",5584,06110585601,24,068301786305
"551",6008,14770658868,27,2898164594146
"552",4060,46208274826,23,9439993982473
"553",5986,28282530433,25,9219822937095
"554",6397,30713782735,24,1894077470594
"555",6419,74488983211,26,9082534838412
"556",7154,71820453314,22,3587061597423
"557",5058,93918489229,23,9636310552475
"558",5150,71433364059,24,0387032516722
"559",5634,98751084152,25,3952976179138
"560",5494,76971917981,25,2204047336807
"561",5821,72021346016,24,768595427949
"562",6670,64041403968,27,3070023467355
"563",5172,26216361891,25,2121482339224
"564",6472,82492446306,27,8149783870654
"565",5445,04208317758,26,8672369358293
"566",4563,2598984549,24,3902248857081
"567",3931,12250804288,23,5670417918668
"568",6042,48800477528,18,7927194123481
"569",5445,6607532253,25,9725572976396
"570",6560,27640067831,26,5936589352775
"571",5150,51250369986,26,5243601940705
"572",7836,49405581993,20,822042922422
"573",6184,25462666633,25,4898471237536
"574",4820,10504746798,26,4686447469609
"575",5318,151199316,27,3663245317661
"576",6315,02503764706,26,3990612918235
"577",4940,21529423505,26,276132330368
"578",3977,76793411664,27,2738785931846
"579",7155,48066811433,24,3020150093507
"580",4323,50577489044,28,520417432032
"581",6087,11072684364,24,2385908519305
"582",5076,81138553346,26,2064013884261
"583",5406,64077574266,21,1425337183398
"584",5968,79608969954,23,633468586528
"585",5307,76306846256,24,2382092290687
"586",5559,2371678281,27,6111848287815
"587",5793,56339487751,27,1576736775281
"588",6198,41006836019,23,1639541525283
"589",6506,0034479948,24,0507248709061
"590",3159,68381459611,25,8936474876777
"591",5129,02937439273,26,6109027437873
"592",5435,07417948342,21,8129538265123
"593",7206,0256102391,23,8326605597536
"594",4544,58283189822,25,102934489862
"595",4897,59572538814,22,5874696218494
"596",5478,36119392511,21,7887506677973
"597",6041,72161956255,21,9312641740709
"598",5479,91926727756,27,4992158038284
"599",5057,44282042468,24,2643736743913
"600",5777,0406064624,23,3662929960154
"601",4042,49896085193,25,9707317042802
"602",5996,29177701555,25,0066179308309
"603",4840,76101858169,23,4974714468119
"604",7810,46754679247,23,2244062020836
"605",5686,56614561652,21,1279791877891
"606",5821,14369442475,28,5881686454667
"607",6427,07132973289,22,8714242579227
"608",5053,22522211854,23,4868061783564
"609",5760,57294853407,24,2975384400841
"610",4598,81628975419,26,4013063515273
"611",6578,13523176176,26,4965727718796
"612",7548,96465119031,25,8111487716798
"613",4491,27388919204,24,1627303732893
"614",5909,5823764794,23,8856641139095
"615",5885,17572056557,28,6641051796555
"616",6004,56177180028,26,3444960539958
"617",8311,99056583815,22,6946214353638
"618",4300,98202061943,22,2003884676676
"619",5421,96471693553,21,1262951247908
"620",6763,11381248115,25,4566178627157
"621",5662,87913901965,26,1823891798207
"622",5370,2879741692,22,2145139376435
"623",5678,66131450417,26,9683042166884
"624",6747,34366783166,24,5226250361316
"625",4655,68557265415,25,5698501987885
"626",5893,04284440046,23,7231292828644
"627",7502,14658225084,25,3358835869712
"628",5466,72572340595,22,7234356966152
"629",5227,80005256599,28,8672400613095
"630",4926,99603865467,22,10503064508
"631",5703,0459595385,24,9003939042253
"632",4799,38303903472,27,0327895738821
"633",4872,97966775611,22,4662805957219
"634",5363,21775925026,27,4227023646187
"635",6310,24727689009,25,5561100222765
"636",4705,40682069008,23,292971077689
"637",5234,39161325959,24,7670161516517
"638",4904,07627716272,23,4558813768655
"639",6236,45425539322,21,3293544128699
"640",5351,97905873699,27,6257443135759
"641",3771,42880526107,28,3240137833302
"642",3682,1375799288,28,9664130902339
"643",6054,44084075545,25,4429914034426
"644",5176,21105516841,26,6595071496484
"645",6990,31698399363,21,7280706759018
"646",5666,58669224914,23,9096808781965
"647",3300,87378341282,24,5480119934355
"648",5183,76240442602,28,3889154625086
"649",5125,64694022989,26,5099649440157
"650",4630,7297298946,25,7119120260946
"651",4661,00748014854,24,1702851523295
"652",6810,33781949982,27,6459793330091
"653",4486,09372116997,24,0613999668657
"654",6479,70386915473,28,108080807774
"655",6357,93041998133,23,5832133268334
"656",7212,75345963226,27,0760395325295
"657",5672,90622748122,25,1774094433058
"658",4873,28653958778,26,3671840411304
"659",5836,18199346473,26,1437551016603
"660",3889,08687214195,26,5499213218909
"661",5935,40954807439,22,3398119443088
"662",5924,76566049284,24,728864043461
"663",7004,48848674008,21,3163194542328
"664",4683,77933726266,24,3944575738246
"665",5492,36194515284,26,8149106487643
"666",6621,3484858352,23,3721859360416
"667",5698,28318022903,26,5250490394274
"668",5835,51703787769,25,5135705762638
"669",7112,2016770243,20,4769391269008
"670",6029,21103465616,28,1886803118588
"671",4826,82539496682,26,1814795954319
"672",6955,02889800816,25,8079769382899
"673",5595,84933550783,25,1156098148174
"674",6210,97841572118,21,3740800839401
"675",4671,15831226059,26,612583170958
"676",4738,14930897544,24,565411428576
"677",6040,76778296824,27,6449787840885
"678",5971,14676264346,20,4544695402614
"679",5236,31039875538,22,1929833999302
"680",4215,84286935285,25,1289881882839
"681",4823,78288320402,28,3358879215136
"682",5889,70747003591,27,5456419797058
"683",4460,16580070935,22,82538529748
"684",6282,80455818373,23,407847562606
"685",4960,87961728561,25,0191771414736
"686",4878,58105405375,28,1506150843027
"687",4469,83624739556,25,8653189577798
"688",6209,09855621571,21,9704633466809
"689",5717,75359587874,24,3872026322378
"690",5654,48533048877,24,6834028689448
"691",8543,97986839343,21,5753162060061
"692",5640,60310695244,22,7653294795611
"693",5371,76151446149,26,3519617875451
"694",3854,98625248306,24,5987592484786
"695",5536,21750795063,25,8340285791143
"696",5327,97187728066,27,5443309365775
"697",5828,01191858727,25,0934233976014
"698",6215,57230933849,29,5664402454589
"699",4853,02112992479,26,6631971674486
"700",7400,36781191568,26,1643380929383
"701",5812,54445943343,27,6855257636132
"702",5164,86715298938,27,7199481989658
"703",5625,44469355808,26,0449692677027
"704",4597,66283701381,23,5798644615046
"705",4075,94691105644,26,8416127375583
"706",5399,45514781067,19,6887338444875
"707",5778,94516914443,27,3363263733046
"708",5693,74478815406,22,9427375139052
"709",6392,85466202264,23,2552621488679
"710",5527,12952081567,27,9366498163503
"711",6623,99912877816,23,3760248373616
"712",5776,15715905465,23,8002618512105
"713",5283,21622573235,23,8678308537151
"714",6080,21125098495,22,7528740970988
"715",6088,62467058648,23,3284744169855
"716",5272,91926055877,24,305663565639
"717",5602,85680605828,24,9648292715916
"718",4795,27842216966,23,0696687814855
"719",6237,18016477745,28,1911659008998
"720",6630,42579199667,20,8817146808154
"721",3979,79956026629,26,210388883383
"722",6507,38248202471,24,3213436011101
"723",4391,78047863959,25,3123060644979
"724",5583,10302585246,27,4288511641569
"725",4358,27545483805,25,5867303774206
"726",5148,291027323,23,953408239823
"727",5779,67927028128,23,8952840817904
"728",6690,87009667681,21,5674028627512
"729",4922,35421683098,27,3256333563768
"730",4699,99122793934,25,2796282894031
"731",4473,69102371764,27,5996944752999
"732",3948,11948955439,22,0435197938866
"733",6157,49717553629,20,2403365403091
"734",5912,27951262937,21,9494041862025
"735",6499,75953239084,21,9166961710374
"736",5601,83756032301,24,2249769495932
"737",5411,57160989418,27,3810933278599
"738",7138,56134907449,24,8318651004524
"739",4487,1787811312,24,2894374487255
"740",6274,97687699427,24,8110047265672
"741",6398,61755734223,23,5331317904105
"742",3316,18980546356,27,6760055332829
"743",6761,40059206639,23,5343789112169
"744",5742,41813152966,23,6860350505013
"745",5174,13529825641,26,2693692543036
"746",4215,76947638005,26,754026891841
"747",4968,65145176364,24,1338520472093
"748",5461,91853160463,26,3938873752028
"749",5825,21630534793,24,3810738852597
"750",6298,96589852743,23,0479712890526
"751",6049,0897372304,24,9832488569974
"752",5534,54802583641,23,2173160335493
"753",5321,60427823465,24,0759717606767
"754",5888,34068932915,23,9201763488917
"755",4894,38709282455,24,8487969281093
"756",4607,7564139907,25,7025305195409
"757",2969,18934958029,24,0751813101076
"758",6013,4066175521,24,2949783708846
"759",6688,22509373419,24,6167917406077
"760",6521,27431884028,24,332349751928
"761",5009,73840258758,24,4106541018568
"762",4063,60478363362,24,0554052644867
"763",5909,29502637885,22,4486629026219
"764",6192,47176967639,23,4420940743531
"765",5573,49571525548,28,1860441211937
"766",5330,60084323626,27,6246568020706
"767",5339,15215560748,23,905003538331
"768",6925,07972661852,24,0599300828101
"769",6630,62228977668,27,338025641473
"770",5327,41146984053,27,7637367620286
"771",4413,11138331274,23,3293930666098
"772",5525,10601738977,24,1755156856423
"773",6530,9944412057,28,2489777205633
"774",4669,08513665904,24,742977018002
"775",4979,67899358667,27,352424211269
"776",5755,72338715909,25,1143283296573
"777",5394,24892456671,26,5201127737609
"778",6031,53945577884,25,2816182530559
"779",5824,86464643999,21,4382465963308
"780",4908,95737558493,25,0876896645239
"781",5156,2216662878,25,4352160890977
"782",5922,89885542988,21,7964202837843
"783",7119,05349270247,22,8246234664928
"784",6568,50304374623,23,0497944845581
"785",4645,52076289295,24,2256421725526
"786",6752,54226399059,21,5976768040016
"787",5421,34761201544,24,2307565443301
"788",6589,9641649978,24,1397958766425
"789",5303,1402972616,24,4724347597464
"790",4041,46348515073,25,4795789135427
"791",6376,03851350908,22,2030696615574
"792",5899,11942713408,23,3858291895711
"793",5660,15888964997,24,2858042063626
"794",6746,92325645416,27,6072543647929
"795",7177,99051830679,25,8477481139988
"796",6049,24583568211,24,1390321429312
"797",5362,87168509152,27,4268121168925
"798",4377,84781340382,25,4018263804962
"799",6133,61594670622,20,6243108326014
"800",4408,89787014227,25,0163137373042
"801",3713,00113159588,26,4457900176027
"802",5014,63100105985,25,945944480151
"803",6190,02647905026,27,4555447544211
"804",5263,0429579956,26,101721269081
"805",4520,85118590259,22,5382676775515
"806",4691,49275167421,24,6478852886938
"807",5804,2686745869,24,5127300806098
"808",3968,19495834215,26,5115742995155
"809",5533,48894335129,23,3255091392864
"810",4517,87233061688,23,6687934865567
"811",6442,89138958244,23,5778435752936
"812",6227,83514957462,22,917382198831
"813",6152,88982195376,26,9062761539103
"814",7035,14210464295,24,8077953011799
"815",4094,32713898464,24,6233677158282
"816",5515,5720414721,21,6569933450233
"817",6870,32793519336,24,8927365935066
"818",3644,30135894461,24,4075024016898
"819",5155,17693060328,26,566321990249
"820",5190,36542048439,26,3981693673671
"821",5804,78756404616,26,7962978190007
"822",6583,32868269239,23,5551424044436
"823",5893,03305567063,22,5334964208462
"824",8745,83088587215,23,4911307699783
"825",7621,79294326209,23,4318311645785
"826",3096,36700040301,29,6640927396056
"827",5056,79192456734,25,1719970401728
"828",5085,43771040583,22,9663836106333
"829",4426,22159955745,23,823269673834
"830",4612,07639511216,26,8643157742192
"831",5295,89046921315,26,9643279833307
"832",5024,69289264331,23,8525940321015
"833",4755,48501017103,27,4416741346791
"834",5328,85466423493,24,7874701233524
"835",5646,80599507118,25,7838537309057
"836",6779,01538885056,24,0672188569136
"837",3942,31157312098,27,3014949719146
"838",6376,11491654466,27,2314600843528
"839",4648,6777864303,22,961429846295
"840",6849,03418726099,25,8987238869514
"841",7108,13520959418,24,2841008977977
"842",7075,8287362079,21,2136900818749
"843",6331,37873012392,24,1082800563971
"844",4299,19622064819,23,4626113409444
"845",5817,26058392775,24,7051880944841
"846",5550,26342014778,23,121016132979
"847",4998,05516762653,25,9930147500086
"848",4673,45273606954,24,3174588343388
"849",5201,37173413227,23,1662951210095
"850",4739,99753032266,25,5680262502689
"851",4992,23571207919,26,352774978736
"852",5865,47343187253,22,4334710635554
"853",5282,41782439895,29,2713365995532
"854",4488,32391134034,23,3651919863936
"855",4554,15992797613,24,274696838033
"856",8131,77838144518,24,2013503198646
"857",5916,47544346617,27,2000144424577
"858",5918,64977644222,25,9580545924694
"859",6890,93945362295,27,3987070601125
"860",5222,65716319511,24,4824187701933
"861",6473,72157668214,21,6036732157873
"862",5546,01288084145,23,8199588448868
"863",5696,63611726296,23,1071338938756
"864",3732,25651350596,27,9316165786658
"865",6415,44941149305,25,2494920404318
"866",5184,28623097125,25,4981013239986
"867",6072,72916606868,26,6481391941926
"868",6332,62344401841,25,6781656698947
"869",4603,89132494681,21,8710843443751
"870",5708,41385498026,21,2496171609695
"871",6165,27350929778,22,3595306647087
"872",6244,6227016906,24,0373761486473
"873",5801,88002727953,28,2085221092118
"874",3919,8113692817,23,8338637672411
"875",6121,27414069934,25,209033743244
"876",6666,43705743633,24,2035984964915
"877",5272,70160037415,26,9395898624394
"878",6207,62917508753,23,652438439141
"879",5170,60237305151,25,5056265865169
"880",6044,70753284462,22,2605046087848
"881",7088,79545580373,25,3131262856437
"882",4710,26384344919,23,3872414366642
"883",4632,01298473638,21,1060452878581
"884",4829,9939705001,25,698541308846
"885",7418,73138644491,23,930193427418
"886",4265,15546819327,23,9908756859753
"887",4973,3459866598,24,4139663384465
"888",5420,83104808174,25,0564108933762
"889",5452,29510418136,24,7532359290565
"890",7684,76320869419,24,0166973015733
"891",4057,45964663793,27,2596977715819
"892",6783,64177247473,25,3832562683451
"893",5424,36849625475,24,2338225920438
"894",4433,09475437324,24,3250946756319
"895",4227,23364209788,20,220432114293
"896",5409,43296301827,22,8207707729162
"897",5392,4057387444,23,1761941550385
"898",6775,16198552471,25,395010707802
"899",4865,99115900268,19,2942507709647
"900",6577,10000958491,25,773723821405
"901",5678,82369875478,22,8841810741391
"902",5444,15364641467,26,3055537080414
"903",4642,64294686164,24,8656083073244
"904",5106,72182484456,24,7384515364236
"905",5759,66347127998,24,5584684241059
"906",5789,75579811967,22,220416570553
"907",6515,21199771066,26,3848812285362
"908",6812,35016913747,23,6554817036384
"909",6530,30101240038,26,198256882745
"910",6028,79361251033,24,8719466576033
"911",5595,94823446387,26,345716976109
"912",5306,04117782869,23,7848933775978
"913",5563,02231839182,27,7943930955425
"914",6415,8241617736,23,5584249444
"915",5548,67767178417,23,3302758785136
"916",4161,53155398195,29,0865160067893
"917",3566,42337498475,24,4704508986151
"918",4577,67457664916,26,2423567336694
"919",5914,93842961519,26,7477991207218
"920",6427,32503984858,27,7555367039085
"921",5190,91728647176,24,5606340274134
"922",5795,60443001574,25,2680815363984
"923",6147,1897091019,22,9292199192266
"924",5580,62383050078,23,2153989405834
"925",5084,56947737558,25,7950542196187
"926",4653,67732007763,28,3093019492168
"927",5653,88982422755,27,1015754898668
"928",5189,5915241754,26,387371996516
"929",5666,50851814752,23,5594005826325
"930",4272,88368058495,26,7109702347178
"931",5854,18627272145,21,8999168291544
"932",5232,41699928594,26,1116383087958
"933",6361,8336158802,26,5117164153786
"934",6181,50469652983,25,9653865877491
"935",4438,30787928973,26,5518925966214
"936",3860,85446406963,22,6495755815466
"937",3813,55656023247,26,147776386318
"938",6007,42405908227,23,3895585496028
"939",6212,87205268765,22,080989753191
"940",4323,38199443396,27,6845116509835
"941",5776,82193588135,27,8195574155713
"942",7057,22826928477,24,3990634415251
"943",5086,49681489638,27,1752279950454
"944",4752,59539224211,28,0866958072118
"945",4976,68486282025,28,3353721589377
"946",4199,39635630266,25,0083565527468
"947",4786,72732404286,25,9159640028433
"948",5375,10687181615,26,2972381378159
"949",4390,95333798385,24,0651795563129
