"w";"snp"
"1";4743,04068684726;1
"2";5045,48011313172;0
"3";3698,0351876809;1
"4";4527,06378305266;1
"5";5964,40454343039;1
"6";4798,1373021302;1
"7";4718,14231505898;1
"8";4994,41531849333;1
"9";5806,76987742605;1
"10";5471,7173441333;1
"11";6312,71151445432;2
"12";4908,3936762963;1
"13";4325,85598354147;0
"14";7849,99687376206;2
"15";5395,93818964519;2
"16";4507,12042056747;1
"17";4217,14138472419;0
"18";4538,24476213053;0
"19";4057,7621331642;0
"20";3096,74998634203;0
"21";5141,26648043157;1
"22";4645,6292299865;2
"23";4903,0901332837;0
"24";4813,5014708259;1
"25";3115,89555850236;0
"26";4020,11152322235;1
"27";4814,65343565624;1
"28";4913,86288556415;0
"29";5435,86744243856;2
"30";5099,41678610669;1
"31";4731,77585231172;1
"32";3011,86364955199;0
"33";5632,30908416706;1
"34";4457,21571968782;1
"35";4838,43721329585;1
"36";5192,7400823081;0
"37";3322,31311527256;1
"38";5011,84878117667;1
"39";4691,45780375607;0
"40";4367,93449406993;0
"41";3509,90296281709;0
"42";6347,82948298556;1
"43";4321,2907778515;1
"44";6077,18562005193;2
"45";5927,93075176151;2
"46";3849,6576267989;1
"47";4950,70775397456;1
"48";3608,36135112121;0
"49";5290,07724429689;1
"50";6755,8156928807;2
"51";5580,25218093925;2
"52";3827,74362742295;1
"53";5256,31697183591;0
"54";5098,91041417478;0
"55";3700,12196758912;0
"56";5586,89140952969;1
"57";8843,14546480539;2
"58";5364,53240562525;1
"59";6889,0743425621;1
"60";5679,19538665671;2
"61";5217,38562869849;1
"62";5449,0559248145;0
"63";4177,44492915168;0
"64";5123,26704408304;2
"65";4429,12160935696;1
"66";4458,71004347011;0
"67";2824,61002329958;0
"68";5920,64907249317;1
"69";5853,17063659118;1
"70";5912,38194353868;2
"71";3983,28881898536;2
"72";4907,46182323731;1
"73";4142,61693570566;1
"74";2871,88327269227;0
"75";6354,86796457222;2
"76";6125,14887496327;1
"77";4492,93821985336;1
"78";3855,70053432101;1
"79";3262,55824563668;1
"80";4903,5882091414;0
"81";4158,17889056939;1
"82";3720,83528944184;0
"83";3872,13244665374;0
"84";7407,66587190708;2
"85";6596,10189155769;2
"86";3919,30354812116;0
"87";3892,39683722874;1
"88";5415,28610766245;1
"89";3423,17720759479;0
"90";7029,62546392135;2
"91";3339,36885482568;0
"92";4118,7848861374;1
"93";5138,46686722236;1
"94";6457,09493166167;2
"95";5425,20155025283;1
"96";4295,59332789163;1
"97";7183,72163143967;2
"98";3666,73754104864;0
"99";5870,01919642553;2
"100";4593,39435547187;1
"101";5057,4189372397;1
"102";7731,91418799732;1
"103";5268,11514365056;1
"104";2945,34355623348;0
"105";5957,34635610231;2
"106";4265,52906340889;1
"107";4108,27819632957;0
"108";6320,68494344824;1
"109";6034,15299621812;0
"110";5847,96125404963;1
"111";2562,79246090132;0
"112";4382,96982815472;1
"113";5288,2595156656;2
"114";5332,20551897621;1
"115";4113,16813960849;0
"116";5699,1848191012;1
"117";7156,72307997211;1
"118";4378,20981893846;1
"119";2525,21629009845;0
"120";5080,82875364546;1
"121";4432,88909250602;0
"122";4743,32262788458;0
"123";4553,37962821754;1
"124";5324,62597098495;1
"125";2032,9990828136;0
"126";4954,53195208419;1
"127";4721,20135730686;0
"128";4568,36605762536;0
"129";5615,11844623115;1
"130";3281,39834370817;0
"131";5218,15387150209;1
"132";4223,35244976473;1
"133";5827,08606729193;2
"134";5381,39954806553;0
"135";5154,60230371738;1
"136";5506,88206866707;0
"137";4735,32428714016;1
"138";6715,79254295177;0
"139";2956,85508227261;0
"140";4225,40498953487;0
"141";3678,92455735996;0
"142";2864,34830829414;0
"143";3863,20638033774;0
"144";3217,02832153098;0
"145";2740,32310740641;0
"146";4565,35039629204;0
"147";6035,10891563843;2
"148";5054,88625800397;0
"149";4712,13783453017;1
"150";4552,58173711198;1
"151";2848,8373830737;0
"152";4542,59739660204;0
"153";5538,881880774;1
"154";4205,86519368281;1
"155";5045,81421397274;1
"156";5220,05478888004;0
"157";4344,269874421;0
"158";4785,68498362071;1
"159";4727,43739077982;0
"160";3735,01302964496;0
"161";4021,24771633122;1
"162";4411,38200870426;1
"163";5050,10006124161;1
"164";5106,77683234109;1
"165";4533,20145998001;1
"166";5281,74904935033;1
"167";5915,38179797329;1
"168";5000,72447767355;2
"169";5223,28114920046;2
"170";4836,99940420659;1
"171";5605,24505499736;1
"172";3948,09215482712;0
"173";5256,44999665141;1
"174";3523,04705807943;0
"175";6898,34037885484;2
"176";6027,14400741561;1
"177";6124,50894664247;1
"178";5659,81311988576;0
"179";4304,17678350798;0
"180";4331,3557483124;1
"181";3040,99501122153;0
"182";4331,71122151522;1
"183";5887,86665103584;1
"184";4752,50074382717;1
"185";5984,09295917075;1
"186";5015,28941737299;1
"187";4309,07374898422;0
"188";4687,65138236113;0
"189";4622,08910303457;1
"190";3909,11851042864;0
"191";3711,85223885159;0
"192";5733,06999005424;1
"193";4604,90822466346;1
"194";5661,25482587929;1
"195";4703,96149745347;0
"196";5687,77969644565;1
"197";4529,71439401904;1
"198";6043,76166840455;2
"199";4000,57433741687;0
"200";4376,47367384275;1
"201";6770,07007661421;1
"202";4911,51584334125;1
"203";5979,30588215253;1
"204";4203,69945539476;0
"205";5634,1781526235;0
"206";8095,8933258804;2
"207";2778,97010953145;0
"208";5777,57478992789;1
"209";4876,07058569036;1
"210";3592,89278051368;1
"211";3815,75673122758;0
"212";6081,16104918807;2
"213";4505,88439987175;0
"214";5097,51133855162;2
"215";5242,75611116492;1
"216";6418,39253533621;2
"217";5243,5687133211;1
"218";8167,86184141339;2
"219";6342,67744060758;2
"220";3041,99734395098;0
"221";5646,48535212338;1
"222";6361,45592315713;2
"223";3532,02168922112;0
"224";5619,31314705079;1
"225";6523,06380385708;2
"226";3781,57328601073;0
"227";3929,67696741919;1
"228";6349,07782016356;1
"229";4424,30684823844;1
"230";5937,0820044599;2
"231";3711,84842704731;0
"232";5817,75908672703;2
"233";5298,60940222146;1
"234";5313,94552266443;1
"235";3625,05624807861;0
"236";2706,49396245884;0
"237";3915,35513054786;0
"238";4480,32187651477;1
"239";4038,88446880669;0
"240";5794,76548086558;1
"241";4131,6453510618;0
"242";3274,84578586021;0
"243";4112,44332823911;0
"244";5668,31126148757;2
"245";2797,35430337866;0
"246";4755,37083021501;0
"247";5166,3731650077;1
"248";5867,3783513279;2
"249";5105,49270201751;0
"250";5809,15050660269;1
"251";3905,84443858161;0
"252";6017,7208762532;1
"253";3382,55491618677;0
"254";5772,22273917387;2
"255";6967,78035567189;2
"256";3658,65700518687;1
"257";5314,52068587097;1
"258";4323,70306525774;1
"259";3593,82204597289;0
"260";5185,08883060008;2
"261";3559,32680349081;0
"262";5326,65160833138;1
"263";4422,35521759228;0
"264";4932,74066127594;0
"265";5276,5154337061;1
"266";2543,75975710687;0
"267";3764,34860134811;0
"268";1692,55358599049;0
"269";4876,96480880726;1
"270";3620,32948570099;0
"271";5970,12394435328;1
"272";5762,29756050632;1
"273";5486,07199932337;0
"274";5261,98619666445;1
"275";4057,0630823821;1
"276";5275,2626439112;0
"277";4811,02118582257;0
"278";4756,95331862009;1
"279";4988,77021250314;0
"280";6370,46312033129;1
"281";3584,79072770908;0
"282";3778,62872738896;1
"283";6557,40941372103;2
"284";4381,71084667695;0
"285";5320,41468501268;1
"286";5668,39672784176;1
"287";5406,04255277627;1
"288";4917,43839932481;1
"289";4355,06216233395;1
"290";4664,54875074674;1
"291";4324,31550542158;0
"292";3932,97141311831;1
"293";5018,79302383673;1
"294";6262,13983037642;2
"295";3045,98966933051;0
"296";5832,060152361;0
"297";4939,10593165223;1
"298";4709,86322880934;1
"299";4381,50419591733;0
"300";6182,09030413672;2
"301";3236,66154347472;0
"302";5016,47686988604;1
"303";5327,73675591865;1
"304";3439,77812875506;0
"305";5229,83772854447;0
"306";3876,71239653006;1
"307";3802,45327137759;0
"308";6656,2946178921;1
"309";3794,81635027863;0
"310";3926,81677827134;0
"311";3878,07271642607;0
"312";3058,25646839211;1
"313";5345,64485214613;1
"314";6547,65825165771;1
"315";6661,51520383368;1
"316";4613,9697786982;1
"317";5060,19629963347;1
"318";4581,59498567931;1
"319";5576,37363721311;2
"320";5968,5219288533;2
"321";4292,65943015545;0
"322";3770,9939785406;1
"323";4065,69467926847;0
"324";3057,50028161882;0
"325";5853,18473677068;1
"326";4099,02694266684;1
"327";6849,46455944944;2
"328";7206,84961792254;2
"329";5610,77077976395;1
"330";5711,17679790868;1
"331";4690,37744542696;2
"332";3220,36426104492;0
"333";4771,78535720236;1
"334";5352,59894855688;1
"335";5699,04473114913;1
"336";5557,57196419934;1
"337";7144,69750812402;2
"338";5214,83308932927;2
"339";5378,51960775743;1
"340";3744,21308247027;0
"341";4930,83757499681;0
"342";3794,45793986945;0
"343";4394,59988914691;1
"344";5342,87719306074;1
"345";5074,34505232234;2
"346";4676,65872310634;0
"347";4460,78751129594;2
"348";5004,97389535039;2
"349";5361,97936482592;1
"350";4041,76008845344;0
"351";3442,76431015648;0
"352";6075,00958716904;2
"353";5177,67876528609;1
"354";5123,35307285549;1
"355";3804,23925604189;0
"356";4569,18711809125;1
"357";3581,26032757299;0
"358";4212,19051228692;0
"359";3573,77088056226;0
"360";5983,64189004324;2
"361";4960,79016082929;0
"362";3916,77796175056;0
"363";2715,5183277913;1
"364";4115,11491528896;1
"365";4802,82113316334;2
"366";4671,958597373;0
"367";5357,63301906337;1
"368";5649,08920066141;1
"369";6325,72775439026;1
"370";6053,08090885571;1
"371";4222,17171689261;1
"372";4240,3612854301;0
"373";4039,58041942422;1
"374";7329,5348943835;2
"375";4978,44593761934;0
"376";5106,87293865012;1
"377";4883,43564213689;1
"378";4964,73505909113;1
"379";3689,8753568696;0
"380";4030,8243304701;0
"381";3308,39503652672;0
"382";4583,79600324818;0
"383";5968,04219558925;1
"384";5547,48222008298;1
"385";7236,90960418201;1
"386";4629,38732181586;2
"387";4108,21778052702;0
"388";5848,45294981612;1
"389";4399,23011205721;0
"390";5302,0430637746;1
"391";4652,99271959126;0
"392";3218,18012081447;1
"393";4499,17853859201;0
"394";5245,80339893835;1
"395";4674,94718680158;1
"396";6156,36462353856;1
"397";4928,03392583133;1
"398";6285,22725453685;1
"399";3790,84544992801;0
"400";4882,18264195428;0
"401";4392,51343909987;1
"402";4188,88741442852;0
"403";3921,28651673114;1
"404";6912,75217303834;2
"405";5513,56229189778;1
"406";5927,20118662398;1
"407";4459,88464690236;0
"408";7393,46072204876;2
"409";5601,98623121389;1
"410";4768,4556881126;2
"411";5877,89639290492;1
"412";5249,8148715411;0
"413";3615,0666108951;0
"414";4724,50991883334;0
"415";5101,58175242042;0
"416";5398,54603393885;1
"417";3350,15725854977;1
"418";4037,39476640412;0
"419";6046,19208360037;2
"420";5118,24916239255;2
"421";4930,63647090457;1
"422";5606,72915334316;2
"423";5964,98826508569;1
"424";5001,85775644843;1
"425";4772,91123891658;1
"426";4641,51251983503;0
"427";3732,05452109842;0
"428";4134,36077337753;0
"429";5181,00647317585;2
"430";4764,6957111356;1
"431";7004,84719557607;2
"432";2745,87285621743;0
"433";4003,85111960276;1
"434";4636,92624799026;0
"435";4374,63721726861;1
"436";5462,62498757083;0
"437";3618,85767329001;0
"438";4484,50758367075;0
"439";3727,51078478481;0
"440";7051,12821536935;2
"441";3978,6768663936;1
"442";3434,64236083898;1
"443";4002,96672264723;0
"444";3364,90488345125;0
"445";5105,63236637329;1
"446";6090,5370803889;1
"447";4656,70692658211;1
"448";4871,49641360371;0
"449";5879,89738429406;1
"450";5164,50796183971;2
"451";1912,1084076541;0
"452";7047,13164959255;2
"453";5237,04137980776;1
"454";3592,48828653952;0
"455";5492,63844081863;1
"456";3802,8680055395;0
"457";7341,85742401361;2
"458";4186,37656843487;1
"459";4346,02252028711;0
"460";4808,05773956546;1
"461";6365,78228739279;0
"462";4555,41626782681;1
"463";2889,61226685618;0
"464";3870,94683613445;0
"465";5179,18647072773;1
"466";4335,28519460536;0
"467";4919,48313591327;1
"468";6143,01547865032;2
"469";5450,72495033968;1
"470";4696,54817841711;1
"471";5369,3415915883;1
"472";4811,80967918367;0
"473";5133,60400452484;1
"474";4961,81263862917;1
"475";3572,75880600649;1
"476";6326,81165659703;2
"477";5716,87708890371;2
"478";4021,91127702101;0
"479";3501,76819204334;0
"480";5119,19198489166;1
"481";4708,78144357541;1
"482";4212,67030877982;0
"483";2842,51956772474;0
"484";4779,25997489929;2
"485";3640,44673654394;0
"486";2756,80771164886;0
"487";5434,98189081293;0
"488";5301,17887110006;2
"489";5237,98474352887;1
"490";5014,52411915641;0
"491";4195,04556621374;0
"492";5013,34194513672;1
"493";4971,29754798533;1
"494";5029,11259937796;1
"495";3710,25693748919;0
"496";4850,75897958065;1
"497";5330,28933534107;2
"498";3370,15399518772;0
"499";5832,95750306285;1
"500";5413,50042535518;2
"501";4117,92833081975;1
"502";5370,96663279831;1
"503";4989,33383688024;1
"504";4219,30891274729;0
"505";5110,5706118505;1
"506";4718,69578287717;1
"507";4152,8179105392;0
"508";5318,89143299316;1
"509";5950,41708381744;2
"510";4721,67690207448;1
"511";4076,95374401069;0
"512";7012,21851050132;2
"513";6031,12057692627;2
"514";5104,22273477631;0
"515";3091,91934908554;1
"516";6391,67783290048;1
"517";5115,41058648526;0
"518";4637,67236948022;1
"519";4317,34857179065;0
"520";4685,91524980033;0
"521";4363,98911605142;1
"522";2749,57902597891;0
"523";6247,06835885491;2
"524";4749,63306155644;1
"525";4148,86042951768;0
"526";4220,38245693592;1
"527";5107,22450098842;1
"528";4458,43915751808;1
"529";5506,93951638418;1
"530";3894,06577589446;1
"531";4140,06024143666;0
"532";7255,73132263999;2
"533";3362,79582258447;0
"534";4424,56779390586;0
"535";4540,23933000142;0
"536";4115,44084645742;0
"537";4142,13792569606;1
"538";4384,83006778731;2
"539";5483,31298440063;1
"540";5894,05538512406;2
"541";5248,18972448758;1
"542";2729,1842639514;1
"543";4584,73235021684;1
"544";4654,90007324815;1
"545";6105,27497293886;2
"546";5884,08321371864;1
"547";4982,38964083199;1
"548";4240,58724981048;0
"549";4291,07702991072;1
"550";2860,77356007057;0
"551";6617,2450670477;1
"552";5993,09864247055;1
"553";4764,83317621288;2
"554";5048,89739405553;1
"555";5091,82705393959;1
"556";5456,86528022935;2
"557";3899,73672858446;1
"558";5664,70233146679;1
"559";3652,4835679399;0
"560";4193,78578666382;1
"561";5575,40304104086;1
"562";5269,00028068129;1
"563";4261,34813520513;1
"564";4632,81409792171;0
"565";2924,96805198099;0
"566";4670,91376087707;1
"567";4825,13728309102;0
"568";4334,8319527583;0
"569";7464,85291713935;2
"570";5849,48785803606;2
"571";2592,17253539987;0
"572";1790,81029976327;0
"573";4990,29695281627;0
"574";3736,93167988024;0
"575";4459,20117322931;1
"576";6148,67930024161;1
"577";4870,39008219784;1
"578";3840,6180128564;0
"579";3756,80312940349;0
"580";4734,48671706008;1
"581";3263,65262971743;0
"582";4687,63788995846;0
"583";6395,53274947363;2
"584";6714,9753863488;1
"585";6395,33757465049;1
"586";6011,80984743598;1
"587";4302,72645301055;0
"588";2489,71726507647;0
"589";4293,366304173;0
"590";5397,63391785836;0
"591";5813,91377342847;1
"592";5136,93894490609;1
"593";4840,33476809888;1
"594";6002,4721068814;1
"595";3530,07052812512;0
"596";6080,42486719201;1
"597";5221,92118090242;1
"598";4666,77171405885;2
"599";7616,36914063981;2
"600";5295,67489013622;0
"601";4362,80080772565;1
"602";5698,5848543583;1
"603";4865,47743270481;0
"604";5291,55454664392;1
"605";3367,70541185796;0
"606";5171,4034410571;1
"607";6585,76503160043;2
"608";4502,07574119133;0
"609";5053,00574807239;1
"610";4954,8851006619;1
"611";4811,24076786083;0
"612";3795,34476180763;1
"613";4927,21235053715;1
"614";6795,66958212238;2
"615";7762,13663286058;2
"616";3877,43692121121;0
"617";4989,73192892429;0
"618";5553,27953691569;2
"619";4970,42601051356;1
"620";4106,90193478492;0
"621";6810,26572169114;2
"622";6013,37677100198;1
"623";5718,12630069916;1
"624";5232,4353992697;1
"625";6259,89249890309;2
"626";3962,72694023114;1
"627";4913,64285052763;1
"628";4903,12169481999;1
"629";4522,48275218434;1
"630";5862,55986489325;2
"631";4399,71045880674;1
"632";4859,15922531731;1
"633";3504,47375211671;1
"634";5516,74537385573;1
"635";5230,25018515302;1
"636";6025,45101956925;2
"637";3512,01605524822;0
"638";4542,55343348415;1
"639";6513,24731819268;2
"640";3008,52020078481;0
"641";5401,92226830178;1
"642";5802,68363324434;1
"643";4522,1334923719;1
"644";3697,29868703711;1
"645";4145,37730880209;1
"646";3116,95913739956;0
"647";5532,13719652264;1
"648";5354,14250599603;1
"649";5798,88678492053;1
"650";3485,18718956438;0
"651";3853,49282640528;0
"652";4210,04255009033;0
"653";3232,31872229747;0
"654";4269,01769151173;0
"655";4750,93959148139;0
"656";5211,85969773528;1
"657";3600,22759467014;0
"658";6518,33567055629;1
"659";5650,92345530986;1
"660";3664,8989204899;0
"661";3808,62214136998;0
"662";4666,00304718937;1
"663";5365,7683666789;1
"664";3957,71482865106;1
"665";5234,92292694395;1
"666";4986,37242793424;1
"667";4540,79586151522;0
"668";5469,64398992901;1
"669";4999,47129364756;2
"670";4735,85001081284;1
"671";4348,62473858006;2
"672";3942,97876576513;1
"673";5526,58495260377;1
"674";4715,16638156402;1
"675";5808,67274319131;1
"676";5600,30260342742;1
"677";4345,62962808469;0
"678";5287,34117646392;1
"679";3631,4677600425;1
"680";2750,74873171651;0
"681";5641,81972586596;2
"682";5460,33958896545;1
"683";2283,56356433096;0
"684";6504,02682558944;2
"685";4677,57455311963;2
"686";4817,01480370456;1
"687";3724,28218373943;0
"688";4259,964882879;0
"689";3201,26325974705;0
"690";4245,50582318614;1
"691";4980,84189649175;0
"692";4298,00652685653;1
"693";2701,83510005582;0
"694";5619,68187269866;2
"695";3944,881972689;1
"696";5847,7986371184;2
"697";4406,3815500199;0
"698";5075,46554608034;1
"699";5383,19431898125;1
"700";3984,67408385361;1
"701";4321,07754966577;1
"702";6571,86750709209;1
"703";3414,74455548858;0
"704";5592,16003827995;0
"705";4824,29772836059;1
"706";3271,41378080477;0
"707";3586,67127844826;0
"708";4684,82097719423;1
"709";4967,83977862669;1
"710";4905,26736904326;1
"711";5671,62072893502;1
"712";4704,13521163058;1
"713";5513,58575953294;1
"714";5338,09272021696;1
"715";5019,70079183614;2
"716";3057,93928998884;0
"717";4581,71343104459;1
"718";7965,74351173015;2
"719";5385,15566183669;1
"720";4089,00730631916;1
"721";6829,99422202874;2
"722";5216,76247179056;0
"723";5780,65826620319;2
"724";4067,6930744992;1
"725";6734,6794852173;1
"726";3560,4308065648;1
"727";4013,965606847;1
"728";7375,53463204436;2
"729";5047,55157375917;1
"730";4301,65349631416;1
"731";3240,66119387802;0
"732";4946,48656032302;0
"733";6326,37040735626;1
"734";2985,87115253779;1
"735";4350,72370116691;0
"736";5119,58545257874;1
"737";4187,8656545444;0
"738";5178,62501195587;1
"739";5516,18395583648;1
"740";5104,74362032317;0
"741";5765,53989699626;1
"742";5384,355752114;1
"743";4418,66505315897;1
"744";3770,41174534813;0
"745";3656,02117173824;0
"746";3440,78554139712;0
"747";4663,78736596213;0
"748";4927,40185394389;1
"749";3842,53144645926;0
"750";3848,35043908407;0
"751";5486,55716061182;1
"752";4793,15116616124;1
"753";3950,60764662696;1
"754";4329,47865843476;1
"755";6610,05113642363;1
"756";6553,24534108537;1
"757";4236,37092650111;0
"758";3384,84104328466;0
"759";7821,84487522972;2
"760";5570,34274947043;2
"761";4345,75932094582;0
"762";3865,45763246672;0
"763";4768,47059573968;1
"764";3966,24523949732;0
"765";2320,0001400122;0
"766";6233,93055104836;2
"767";4394,90437438626;1
"768";5604,79816825594;1
"769";4657,38677819186;1
"770";3888,70943357032;0
"771";3940,65603321723;0
"772";6412,72297526833;1
"773";3457,09793519122;0
"774";4839,82364175161;1
"775";5205,52536989275;0
"776";5261,32948763951;1
"777";3863,59520757007;0
"778";7459,38642406235;2
"779";6097,52077437455;2
"780";4783,57627578913;1
"781";5157,77978365308;1
"782";4738,5021312093;1
"783";5375,92445066512;2
"784";6529,69188667621;2
"785";3376,29895416063;0
"786";3847,7286385704;0
"787";3126,85272901384;0
"788";3151,59226459259;0
"789";5772,89037723762;2
"790";4601,33381165204;1
"791";5677,8238304252;1
"792";5841,64842348945;2
"793";6365,04524519214;2
"794";4808,03790565982;0
"795";5267,70143646727;1
"796";5236,63209390962;1
"797";3489,30289379001;0
"798";5622,54501052607;1
"799";4842,87273956053;1
"800";5632,38430213692;1
"801";6953,95974984501;2
"802";4526,75415954349;1
"803";4407,03422246186;0
"804";3566,8109736395;0
"805";5307,27969044968;0
"806";4773,90971152746;1
"807";5199,24069861584;1
"808";5077,70230609746;1
"809";4192,38592933031;0
"810";6694,23353802401;2
"811";3937,37147862603;1
"812";6593,46899337459;2
"813";4657,72312751474;1
"814";4291,58195889761;1
"815";5338,42255567249;1
"816";4288,26781867962;1
"817";4276,91946896601;0
"818";5604,6209658498;1
"819";6201,28349772924;1
"820";6245,99195455784;1
"821";4938,65594556408;1
"822";5458,89116788138;2
"823";4256,05813396509;2
"824";6451,47625964344;1
"825";4631,11264874553;0
"826";5848,47188186625;2
"827";4556,06426185461;0
"828";7117,39120691372;2
"829";3981,99896871742;0
"830";4334,36504365917;1
"831";6295,65860142523;1
"832";1988,92674056244;0
"833";6400,9815004298;2
"834";5265,56397373736;1
"835";4731,06106128505;1
"836";4909,13447643539;0
"837";5918,29746383178;2
"838";4525,14164336062;1
"839";2942,50793962568;0
"840";3368,12715103454;0
"841";5303,71232369584;1
"842";5485,9240281351;2
"843";6824,93433729639;1
"844";6513,11312461872;2
"845";8199,53337042849;2
"846";4626,86015720084;1
"847";4844,69758422554;0
"848";6623,26918904512;2
"849";5394,82643058786;1
"850";3720,63799422364;0
"851";3015,92825789741;0
"852";5640,21188820506;0
"853";4317,5929970211;0
"854";6000,58644070341;1
"855";4846,3305750409;1
"856";6111,69179041572;2
"857";3220,06662562443;0
"858";2589,67237542326;0
"859";6067,56215431085;1
"860";4198,30737752226;0
"861";4654,45864265152;1
"862";6406,83926300257;2
"863";4068,28892879376;1
"864";5316,78664885859;0
"865";4083,94533794403;1
"866";3405,1752299092;0
"867";5273,06944214561;1
"868";4402,72040498812;0
"869";2794,31428699435;0
"870";2825,50216416348;0
"871";4757,10852453019;1
"872";6907,55611131438;2
"873";6311,3631888398;1
"874";4576,87926766628;1
"875";4504,16173121399;1
"876";4234,98244665806;1
"877";5000,51489613449;1
"878";5809,00552145487;1
"879";4343,7267090022;1
"880";4677,45137164357;1
"881";5383,87393732595;1
"882";4502,47409777781;1
"883";3328,352490091;0
"884";4130,75032692352;0
"885";5281,66522667232;1
"886";5920,70370759725;2
"887";4435,08735121347;0
"888";4938,56548653747;0
"889";5249,81954820234;0
"890";3485,4253377771;0
"891";5811,64216821257;1
"892";5189,66763754893;1
"893";3057,40568685141;0
"894";4346,03446405105;0
"895";5598,31062333744;1
"896";2833,15975831305;0
"897";6066,05656201293;1
"898";3197,20609774106;0
"899";2513,40239246435;0
"900";3875,77500245565;0
"901";2794,59758346188;0
"902";7244,59768864101;2
"903";4892,69268359158;1
"904";3230,57965203392;0
"905";3934,64552402398;0
"906";3981,6765723358;0
"907";5424,67831303903;1
"908";5969,33250352071;1
"909";3073,80153538533;0
"910";3976,29556711993;0
"911";3502,09693498085;1
"912";5027,36327586535;1
"913";5611,03474260487;1
"914";4210,43280151264;0
"915";4505,67749331897;1
"916";3353,98691845452;0
"917";4879,99828443641;0
"918";3216,66538754102;0
"919";6701,72990689424;2
"920";5511,15618733409;1
"921";4197,1150107268;1
"922";4870,4090887838;0
"923";4459,53459965568;1
"924";5433,78869361727;1
"925";5344,51477390097;2
"926";4603,69906368173;0
"927";5125,69835741457;0
"928";3482,23158238961;1
"929";5568,02473367015;1
"930";3924,11044825249;0
"931";3719,19199927529;1
"932";6757,94293288352;1
"933";3488,27592671842;1
"934";4674,79288799748;1
"935";4420,9873077084;1
"936";4758,95750528102;1
"937";4657,90754299474;1
"938";5206,75996606812;1
"939";4152,63591041963;1
"940";4958,80561570555;1
"941";5123,20459989213;1
"942";4832,03214449759;1
"943";3916,61466666756;0
"944";4058,82798959154;0
"945";3608,4861510501;0
"946";5205,74659050887;1
"947";3809,00995371244;1
"948";5165,02864158308;2
"949";4763,54742962068;1
"950";6576,27929611095;1
"951";4925,21876480242;0
"952";5298,41012430101;2
"953";3727,35302317849;0
"954";3054,435072849;0
"955";4414,3684958397;2
"956";4296,26649131626;1
"957";5615,95120981154;2
"958";3368,76646741277;0
"959";5057,81829668886;1
"960";5830,44138465919;2
"961";4165,66392468173;0
"962";5365,63994330304;2
"963";5397,98560083903;1
"964";6331,41375657353;2
"965";5152,9236010874;1
"966";4446,79313576892;0
"967";5070,90706268342;1
"968";3543,22059302251;0
"969";3622,34131438392;0
"970";2780,37847856655;0
"971";3275,97307786756;1
"972";5651,19002246888;2
"973";4995,63491476584;0
"974";5913,14486045018;1
"975";5097,32854370223;1
"976";5746,52615073986;1
"977";4465,21939111479;1
"978";2944,55500419608;0
"979";6316,590064248;2
"980";4929,02074387272;1
"981";5188,54364425963;1
"982";4823,80763714251;1
"983";4766,5972110606;1
"984";6090,69360634947;2
"985";3906,55912199248;0
"986";4964,33100562519;1
"987";4673,37754011377;1
"988";5624,10141112709;2
"989";4737,13927499652;0
"990";5844,06063527902;1
"991";6315,57077113233;2
"992";5776,32330452479;1
"993";5110,97552337091;0
"994";5034,08502320794;2
"995";4472,73549008864;0
"996";6146,08652072587;1
"997";5646,59632161389;1
"998";5744,7440514559;2
"999";3829,62935164795;1
"1000";5552,22589629466;1
